id,role_id,google_subject,email,display_name,avatar_url,is_active,provisioned_by_account_id,last_login_at,created_at,updated_at
1,1,189647251776961500518,owner1@lunara-spa.demo,Đặng Xuân Hiếu,https://ui-avatars.com/api/?name=Đặng+Xuân+Hiếu,1,\N,2025-09-18 11:58:00,2025-09-02 05:58:00,2025-09-18 12:58:00
2,2,792378512216373873733,manager2@lunara-spa.demo,Bùi Bảo Anh,https://ui-avatars.com/api/?name=Bùi+Bảo+Anh,1,1,2026-01-04 11:35:00,2025-12-15 10:35:00,2026-01-04 12:35:00
3,2,745963063224257009648,manager3@lunara-spa.demo,Phạm Quang Hiếu,https://ui-avatars.com/api/?name=Phạm+Quang+Hiếu,1,1,2026-07-27 13:10:00,2026-07-20 05:10:00,2026-07-27 14:10:00
4,2,155500517067701033310,manager4@lunara-spa.demo,Vũ Ngọc Ngân,https://ui-avatars.com/api/?name=Vũ+Ngọc+Ngân,1,1,2025-09-30 20:58:00,2025-09-24 05:58:00,2025-09-30 21:58:00
5,2,859088130594734470937,manager5@lunara-spa.demo,Đỗ Chí Thịnh,https://ui-avatars.com/api/?name=Đỗ+Chí+Thịnh,1,1,2025-11-18 21:22:00,2025-11-11 07:22:00,2025-11-18 22:22:00
6,3,747752041884280618915,reception6@lunara-spa.demo,Ngô Ánh Chi,https://ui-avatars.com/api/?name=Ngô+Ánh+Chi,1,2,2026-05-24 05:15:00,2026-05-17 10:15:00,2026-05-24 06:15:00
7,3,963713939175033212653,reception7@lunara-spa.demo,Võ Tuyết Hiền,https://ui-avatars.com/api/?name=Võ+Tuyết+Hiền,1,3,2026-08-21 02:10:00,2026-07-31 05:10:00,2026-08-21 03:10:00
8,3,976500807056310152396,reception8@lunara-spa.demo,Phạm Khánh Hà,https://ui-avatars.com/api/?name=Phạm+Khánh+Hà,1,4,2026-02-04 19:12:00,2026-01-26 05:12:00,2026-02-04 20:12:00
9,3,975901389332969878592,reception9@lunara-spa.demo,Lý Phương Vy,https://ui-avatars.com/api/?name=Lý+Phương+Vy,1,5,2025-12-07 15:01:00,2025-11-24 07:01:00,2025-12-07 16:01:00
10,4,394991220319557908512,therapist10@lunara-spa.demo,Huỳnh Như Nhung,https://ui-avatars.com/api/?name=Huỳnh+Như+Nhung,1,2,2026-08-07 13:00:00,2026-07-23 09:00:00,2026-08-07 14:00:00
11,4,974497517469581903422,therapist11@lunara-spa.demo,Vũ Văn Khánh,https://ui-avatars.com/api/?name=Vũ+Văn+Khánh,1,3,2026-07-29 21:10:00,2026-07-25 05:10:00,2026-07-29 22:10:00
12,4,212603313625609296007,therapist12@lunara-spa.demo,Đặng Diệu Nhung,https://ui-avatars.com/api/?name=Đặng+Diệu+Nhung,1,4,2025-10-24 14:58:00,2025-10-19 05:58:00,2025-10-24 15:58:00
13,4,823501126071110812000,therapist13@lunara-spa.demo,Tô Chí An,https://ui-avatars.com/api/?name=Tô+Chí+An,1,5,2026-04-10 20:59:00,2026-04-02 14:59:00,2026-04-10 21:59:00
14,4,679386068387060931575,therapist14@lunara-spa.demo,Mai Thị Thư,https://ui-avatars.com/api/?name=Mai+Thị+Thư,1,2,2026-02-15 09:54:00,2026-02-10 07:54:00,2026-02-15 10:54:00
15,4,762738378046205913777,therapist15@lunara-spa.demo,Hồ Hồng Uyên,https://ui-avatars.com/api/?name=Hồ+Hồng+Uyên,1,3,2026-08-16 15:10:00,2026-08-13 05:10:00,2026-08-16 16:10:00
16,4,901655936926474810122,therapist16@lunara-spa.demo,Phan Minh Huy,https://ui-avatars.com/api/?name=Phan+Minh+Huy,1,4,2025-10-20 05:03:00,2025-10-15 13:03:00,2025-10-20 06:03:00
17,4,801380745985705041831,therapist17@lunara-spa.demo,Ngô Công Tuấn,https://ui-avatars.com/api/?name=Ngô+Công+Tuấn,1,5,2025-12-26 04:22:00,2025-12-06 07:22:00,2025-12-26 05:22:00
18,4,537780425631349915389,therapist18@lunara-spa.demo,Đinh Hoài Yến,https://ui-avatars.com/api/?name=Đinh+Hoài+Yến,1,2,2026-01-16 21:35:00,2026-01-07 10:35:00,2026-01-16 22:35:00
19,4,604109352358809785404,therapist19@lunara-spa.demo,Nguyễn Kim Nhung,https://ui-avatars.com/api/?name=Nguyễn+Kim+Nhung,1,3,2026-08-02 14:10:00,2026-07-26 05:10:00,2026-08-02 15:10:00
20,4,908401735501066571319,therapist20@lunara-spa.demo,Lý Hải Huy,https://ui-avatars.com/api/?name=Lý+Hải+Huy,1,4,2026-07-12 08:35:00,2026-06-24 13:35:00,2026-07-12 09:35:00
21,4,367193565040719701962,therapist21@lunara-spa.demo,Đỗ Xuân Cường,https://ui-avatars.com/api/?name=Đỗ+Xuân+Cường,1,5,2026-07-27 04:14:00,2026-07-25 08:14:00,2026-07-27 05:14:00
22,4,857200253013324588737,therapist22@lunara-spa.demo,Dương Tuyết Thư,https://ui-avatars.com/api/?name=Dương+Tuyết+Thư,1,2,2026-04-20 13:17:00,2026-04-10 07:17:00,2026-04-20 14:17:00
23,4,761735846026267695960,therapist23@lunara-spa.demo,Nguyễn Trung An,https://ui-avatars.com/api/?name=Nguyễn+Trung+An,1,3,2026-08-05 22:10:00,2026-07-31 05:10:00,2026-08-05 23:10:00
24,4,117262498873643545448,therapist24@lunara-spa.demo,Phạm Hữu An,https://ui-avatars.com/api/?name=Phạm+Hữu+An,1,4,2026-03-16 21:36:00,2026-02-27 14:36:00,2026-03-16 22:36:00
25,4,697459092473482614392,therapist25@lunara-spa.demo,Phan Hữu Trí,https://ui-avatars.com/api/?name=Phan+Hữu+Trí,1,5,2026-06-12 07:26:00,2026-05-22 12:26:00,2026-06-12 08:26:00
26,5,146224374772366257834,accountant26@lunara-spa.demo,Nguyễn Yến Chi,https://ui-avatars.com/api/?name=Nguyễn+Yến+Chi,1,1,2025-10-01 11:11:00,2025-09-28 08:11:00,2025-10-01 12:11:00
27,5,409863192811183351170,accountant27@lunara-spa.demo,Vũ Kim Nhi,https://ui-avatars.com/api/?name=Vũ+Kim+Nhi,1,1,2025-11-16 06:44:00,2025-11-04 05:44:00,2025-11-16 07:44:00
28,5,805022818319960421685,accountant28@lunara-spa.demo,Tô Ánh Trâm,https://ui-avatars.com/api/?name=Tô+Ánh+Trâm,1,1,2026-05-01 11:26:00,2026-04-22 13:26:00,2026-05-01 12:26:00
29,6,389984949730393052113,customer29@lunara-spa.demo,Võ Hữu Long,https://ui-avatars.com/api/?name=Võ+Hữu+Long,1,\N,2026-03-22 15:03:00,2026-03-19 07:03:00,2026-03-22 16:03:00
30,6,635327203701568920168,customer30@lunara-spa.demo,Đỗ Gia Nhi,https://ui-avatars.com/api/?name=Đỗ+Gia+Nhi,1,\N,2026-04-20 02:12:00,2026-04-16 09:12:00,2026-04-20 03:12:00
31,6,686941693612839706756,customer31@lunara-spa.demo,Phạm Quang Hải,https://ui-avatars.com/api/?name=Phạm+Quang+Hải,1,\N,2026-06-29 01:51:00,2026-06-20 06:51:00,2026-06-29 02:51:00
32,6,759753382078175225702,customer32@lunara-spa.demo,Đỗ Tuyết Linh,https://ui-avatars.com/api/?name=Đỗ+Tuyết+Linh,1,\N,2026-03-31 14:36:00,2026-03-14 08:36:00,2026-03-31 15:36:00
33,6,300863445817469558425,customer33@lunara-spa.demo,Lý Kim My,https://ui-avatars.com/api/?name=Lý+Kim+My,1,\N,2026-03-09 23:01:00,2026-02-20 09:01:00,2026-03-10 00:01:00
34,6,303256545245282925489,customer34@lunara-spa.demo,Dương Đức Long,https://ui-avatars.com/api/?name=Dương+Đức+Long,1,\N,2025-11-02 05:37:00,2025-10-25 14:37:00,2025-11-02 06:37:00
35,6,789790956565794799418,customer35@lunara-spa.demo,Phạm Trung Bảo,https://ui-avatars.com/api/?name=Phạm+Trung+Bảo,1,\N,2026-07-12 19:24:00,2026-06-25 13:24:00,2026-07-12 20:24:00
36,6,758749288301073817796,customer36@lunara-spa.demo,Mai Công Phúc,https://ui-avatars.com/api/?name=Mai+Công+Phúc,1,\N,2026-02-22 13:32:00,2026-02-08 11:32:00,2026-02-22 14:32:00
37,6,819297153923423996537,customer37@lunara-spa.demo,Trịnh Minh Hiếu,https://ui-avatars.com/api/?name=Trịnh+Minh+Hiếu,1,\N,2026-01-17 03:59:00,2026-01-05 12:59:00,2026-01-17 04:59:00
38,6,168180425103887059821,customer38@lunara-spa.demo,Đinh Kim Trâm,https://ui-avatars.com/api/?name=Đinh+Kim+Trâm,1,\N,2026-06-30 12:19:00,2026-06-16 12:19:00,2026-06-30 13:19:00
39,6,566174606081863292225,customer39@lunara-spa.demo,Lý Diệu Vy,https://ui-avatars.com/api/?name=Lý+Diệu+Vy,1,\N,2025-08-22 21:30:00,2025-08-15 11:30:00,2025-08-22 22:30:00
40,6,544252217547040156339,customer40@lunara-spa.demo,Lê Hữu An,https://ui-avatars.com/api/?name=Lê+Hữu+An,1,\N,2026-03-03 11:22:00,2026-02-22 08:22:00,2026-03-03 12:22:00
41,6,195350561708600509857,customer41@lunara-spa.demo,Lý Hồng Linh,https://ui-avatars.com/api/?name=Lý+Hồng+Linh,1,\N,2026-06-19 13:23:00,2026-06-06 10:23:00,2026-06-19 14:23:00
42,6,971883633592341678614,customer42@lunara-spa.demo,Võ Bá Dũng,https://ui-avatars.com/api/?name=Võ+Bá+Dũng,1,\N,2025-08-23 08:20:00,2025-08-14 11:20:00,2025-08-23 09:20:00
43,6,106248740652078315593,customer43@lunara-spa.demo,Mai Trúc Anh,https://ui-avatars.com/api/?name=Mai+Trúc+Anh,1,\N,2026-03-26 14:21:00,2026-03-17 14:21:00,2026-03-26 15:21:00
44,6,205980228456660477635,customer44@lunara-spa.demo,Trịnh Quang Trí,https://ui-avatars.com/api/?name=Trịnh+Quang+Trí,1,\N,2026-02-02 20:50:00,2026-01-23 12:50:00,2026-02-02 21:50:00
45,6,146189461118698254676,customer45@lunara-spa.demo,Vũ Ngọc Nhi,https://ui-avatars.com/api/?name=Vũ+Ngọc+Nhi,1,\N,2026-01-13 12:56:00,2025-12-31 09:56:00,2026-01-13 13:56:00
46,6,770103405736942005805,customer46@lunara-spa.demo,Đặng Tuấn Huy,https://ui-avatars.com/api/?name=Đặng+Tuấn+Huy,1,\N,2026-08-03 17:07:00,2026-07-19 08:07:00,2026-08-03 18:07:00
47,6,884006752580484447127,customer47@lunara-spa.demo,Huỳnh Như Phương,https://ui-avatars.com/api/?name=Huỳnh+Như+Phương,1,\N,2025-10-31 23:41:00,2025-10-30 09:41:00,2025-11-01 00:41:00
48,6,357609032791473310597,customer48@lunara-spa.demo,Lý Trung Khánh,https://ui-avatars.com/api/?name=Lý+Trung+Khánh,1,\N,2025-10-03 03:50:00,2025-09-17 08:50:00,2025-10-03 04:50:00
49,6,366302324585089825199,customer49@lunara-spa.demo,Hoàng Quang An,https://ui-avatars.com/api/?name=Hoàng+Quang+An,1,\N,2026-06-20 18:08:00,2026-06-10 13:08:00,2026-06-20 19:08:00
50,6,942215944890425221962,customer50@lunara-spa.demo,Trần Phương Linh,https://ui-avatars.com/api/?name=Trần+Phương+Linh,1,\N,2025-11-20 05:10:00,2025-11-04 13:10:00,2025-11-20 06:10:00
51,6,940105689675185430717,customer51@lunara-spa.demo,Đỗ Đình Sơn,https://ui-avatars.com/api/?name=Đỗ+Đình+Sơn,1,\N,2025-10-21 23:28:00,2025-10-15 12:28:00,2025-10-22 00:28:00
52,6,360276244952996579270,customer52@lunara-spa.demo,Tô Phương Nhung,https://ui-avatars.com/api/?name=Tô+Phương+Nhung,1,\N,2026-01-05 03:59:00,2025-12-24 05:59:00,2026-01-05 04:59:00
53,6,460897992286863722475,customer53@lunara-spa.demo,Võ Hữu Cường,https://ui-avatars.com/api/?name=Võ+Hữu+Cường,1,\N,2025-10-21 07:41:00,2025-10-12 11:41:00,2025-10-21 08:41:00
54,6,431265082583783283966,customer54@lunara-spa.demo,Phạm Bảo Quỳnh,https://ui-avatars.com/api/?name=Phạm+Bảo+Quỳnh,1,\N,2025-11-12 04:24:00,2025-10-23 14:24:00,2025-11-12 05:24:00
55,6,739663891637421930402,customer55@lunara-spa.demo,Trần Hải Hải,https://ui-avatars.com/api/?name=Trần+Hải+Hải,1,\N,2026-08-10 11:09:00,2026-07-28 07:09:00,2026-08-10 12:09:00
56,6,950085094768631846590,customer56@lunara-spa.demo,Tô Diệu Lan,https://ui-avatars.com/api/?name=Tô+Diệu+Lan,1,\N,2026-04-05 03:57:00,2026-03-21 09:57:00,2026-04-05 04:57:00
57,6,743331479371311572616,customer57@lunara-spa.demo,Vũ Trung Thịnh,https://ui-avatars.com/api/?name=Vũ+Trung+Thịnh,1,\N,2026-02-27 00:48:00,2026-02-25 12:48:00,2026-02-27 01:48:00
58,6,406496098072651335061,customer58@lunara-spa.demo,Phạm Công Hiếu,https://ui-avatars.com/api/?name=Phạm+Công+Hiếu,1,\N,2025-11-04 04:15:00,2025-10-26 09:15:00,2025-11-04 05:15:00
59,6,125007126859923795385,customer59@lunara-spa.demo,Bùi Tuyết Chi,https://ui-avatars.com/api/?name=Bùi+Tuyết+Chi,1,\N,2026-03-08 10:26:00,2026-02-17 11:26:00,2026-03-08 11:26:00
60,6,265809327449274938788,customer60@lunara-spa.demo,Lý Xuân Vinh,https://ui-avatars.com/api/?name=Lý+Xuân+Vinh,1,\N,2025-11-16 16:52:00,2025-10-30 06:52:00,2025-11-16 17:52:00
61,6,662267526160340836457,customer61@lunara-spa.demo,Hoàng Xuân Trí,https://ui-avatars.com/api/?name=Hoàng+Xuân+Trí,1,\N,2025-08-18 09:33:00,2025-08-13 14:33:00,2025-08-18 10:33:00
62,6,135879397147298997490,customer62@lunara-spa.demo,Mai Thu Trâm,https://ui-avatars.com/api/?name=Mai+Thu+Trâm,1,\N,2026-03-28 16:58:00,2026-03-20 11:58:00,2026-03-28 17:58:00
63,6,685695026632598499302,customer63@lunara-spa.demo,Dương Yến Hạnh,https://ui-avatars.com/api/?name=Dương+Yến+Hạnh,1,\N,2026-05-14 12:19:00,2026-05-01 07:19:00,2026-05-14 13:19:00
64,6,592386114173674581918,customer64@lunara-spa.demo,Huỳnh Diệu Lan,https://ui-avatars.com/api/?name=Huỳnh+Diệu+Lan,1,\N,2026-02-12 03:07:00,2026-01-31 05:07:00,2026-02-12 04:07:00
65,6,927025559501656502593,customer65@lunara-spa.demo,Ngô Văn Phúc,https://ui-avatars.com/api/?name=Ngô+Văn+Phúc,1,\N,2025-11-24 05:17:00,2025-11-10 13:17:00,2025-11-24 06:17:00
66,6,830222079665243933211,customer66@lunara-spa.demo,Đinh Hồng Phương,https://ui-avatars.com/api/?name=Đinh+Hồng+Phương,1,\N,2025-08-01 00:17:00,2025-07-22 12:17:00,2025-08-01 01:17:00
67,6,794102278860965357891,customer67@lunara-spa.demo,Trịnh Khánh Phương,https://ui-avatars.com/api/?name=Trịnh+Khánh+Phương,1,\N,2025-08-24 13:00:00,2025-08-05 14:00:00,2025-08-24 14:00:00
68,6,749459280746654795673,customer68@lunara-spa.demo,Bùi Bảo Hạnh,https://ui-avatars.com/api/?name=Bùi+Bảo+Hạnh,1,\N,2025-12-07 07:03:00,2025-11-29 14:03:00,2025-12-07 08:03:00
69,6,674317975862885091659,customer69@lunara-spa.demo,Nguyễn Ngọc Anh,https://ui-avatars.com/api/?name=Nguyễn+Ngọc+Anh,1,\N,2026-02-02 02:58:00,2026-01-30 06:58:00,2026-02-02 03:58:00
70,6,604638913511937028443,customer70@lunara-spa.demo,Trần Đình Sơn,https://ui-avatars.com/api/?name=Trần+Đình+Sơn,1,\N,2026-07-01 02:10:00,2026-06-14 06:10:00,2026-07-01 03:10:00
71,6,475657307477015200799,customer71@lunara-spa.demo,Huỳnh Hữu Bình,https://ui-avatars.com/api/?name=Huỳnh+Hữu+Bình,1,\N,2026-02-26 17:29:00,2026-02-17 13:29:00,2026-02-26 18:29:00
72,6,890848101672644019015,customer72@lunara-spa.demo,Nguyễn Hữu Bảo,https://ui-avatars.com/api/?name=Nguyễn+Hữu+Bảo,1,\N,2026-03-31 01:31:00,2026-03-23 10:31:00,2026-03-31 02:31:00
73,6,481940755681195176062,customer73@lunara-spa.demo,Dương Chí Bảo,https://ui-avatars.com/api/?name=Dương+Chí+Bảo,1,\N,2025-10-15 00:24:00,2025-10-11 13:24:00,2025-10-15 01:24:00
74,6,153737230200118995924,customer74@lunara-spa.demo,Phan Bảo Nhung,https://ui-avatars.com/api/?name=Phan+Bảo+Nhung,1,\N,2026-07-09 01:07:00,2026-06-29 06:07:00,2026-07-09 02:07:00
75,6,670198333573636936726,customer75@lunara-spa.demo,Trần Việt Đạt,https://ui-avatars.com/api/?name=Trần+Việt+Đạt,1,\N,2026-04-21 17:20:00,2026-04-18 11:20:00,2026-04-21 18:20:00
76,6,458976012668981262945,customer76@lunara-spa.demo,Tô Bá Vinh,https://ui-avatars.com/api/?name=Tô+Bá+Vinh,1,\N,2025-09-23 15:47:00,2025-09-15 06:47:00,2025-09-23 16:47:00
77,6,697188641835713359283,customer77@lunara-spa.demo,Dương Thành Trí,https://ui-avatars.com/api/?name=Dương+Thành+Trí,1,\N,2026-02-20 17:19:00,2026-02-01 05:19:00,2026-02-20 18:19:00
78,6,381375774504509364189,customer78@lunara-spa.demo,Huỳnh Khánh Uyên,https://ui-avatars.com/api/?name=Huỳnh+Khánh+Uyên,1,\N,2026-08-15 11:44:00,2026-08-12 07:44:00,2026-08-15 12:44:00
79,6,561028239574399934863,customer79@lunara-spa.demo,Hoàng Quang Cường,https://ui-avatars.com/api/?name=Hoàng+Quang+Cường,1,\N,2026-04-09 20:52:00,2026-04-04 11:52:00,2026-04-09 21:52:00
80,6,867209013829112563906,customer80@lunara-spa.demo,Hoàng Khánh Mai,https://ui-avatars.com/api/?name=Hoàng+Khánh+Mai,1,\N,2026-05-05 10:05:00,2026-04-18 09:05:00,2026-05-05 11:05:00
81,6,949722588798172144289,customer81@lunara-spa.demo,Lê Đức Tuấn,https://ui-avatars.com/api/?name=Lê+Đức+Tuấn,1,\N,2026-06-13 03:32:00,2026-06-01 08:32:00,2026-06-13 04:32:00
82,6,625905068471056013614,customer82@lunara-spa.demo,Võ Minh Dũng,https://ui-avatars.com/api/?name=Võ+Minh+Dũng,1,\N,2026-07-04 23:57:00,2026-06-24 12:57:00,2026-07-05 00:57:00
83,6,713692136225859081821,customer83@lunara-spa.demo,Hoàng Tuyết Nhung,https://ui-avatars.com/api/?name=Hoàng+Tuyết+Nhung,1,\N,2025-08-22 08:31:00,2025-08-12 11:31:00,2025-08-22 09:31:00
84,6,625739809032686682811,customer84@lunara-spa.demo,Huỳnh Đức Tuấn,https://ui-avatars.com/api/?name=Huỳnh+Đức+Tuấn,1,\N,2026-01-24 19:56:00,2026-01-14 13:56:00,2026-01-24 20:56:00
85,6,727272928364551029721,customer85@lunara-spa.demo,Phạm Ngọc Mai,https://ui-avatars.com/api/?name=Phạm+Ngọc+Mai,1,\N,2026-03-28 03:22:00,2026-03-14 11:22:00,2026-03-28 04:22:00
86,6,996843659026237411786,customer86@lunara-spa.demo,Bùi Ngọc Lan,https://ui-avatars.com/api/?name=Bùi+Ngọc+Lan,1,\N,2026-03-09 21:43:00,2026-02-19 10:43:00,2026-03-09 22:43:00
87,6,115182032545490082755,customer87@lunara-spa.demo,Ngô Bá Hải,https://ui-avatars.com/api/?name=Ngô+Bá+Hải,1,\N,2025-12-20 14:35:00,2025-12-02 07:35:00,2025-12-20 15:35:00
88,6,196790131668656341596,customer88@lunara-spa.demo,Lý Hữu Huy,https://ui-avatars.com/api/?name=Lý+Hữu+Huy,1,\N,2025-11-23 04:51:00,2025-11-08 08:51:00,2025-11-23 05:51:00
89,6,206839202267881243697,customer89@lunara-spa.demo,Hồ Quang Vinh,https://ui-avatars.com/api/?name=Hồ+Quang+Vinh,1,\N,2025-08-09 19:15:00,2025-08-01 12:15:00,2025-08-09 20:15:00
90,6,609344932178879313633,customer90@lunara-spa.demo,Mai Tuyết Lan,https://ui-avatars.com/api/?name=Mai+Tuyết+Lan,1,\N,2025-10-28 15:22:00,2025-10-08 10:22:00,2025-10-28 16:22:00
91,6,882972342889906836033,customer91@lunara-spa.demo,Huỳnh Tuyết Mai,https://ui-avatars.com/api/?name=Huỳnh+Tuyết+Mai,1,\N,2026-04-17 20:13:00,2026-04-01 11:13:00,2026-04-17 21:13:00
92,6,127534420070272274519,customer92@lunara-spa.demo,Bùi Khánh Mai,https://ui-avatars.com/api/?name=Bùi+Khánh+Mai,1,\N,2026-04-25 20:27:00,2026-04-05 12:27:00,2026-04-25 21:27:00
93,6,490118208640174588770,customer93@lunara-spa.demo,Vũ Minh Huy,https://ui-avatars.com/api/?name=Vũ+Minh+Huy,1,\N,2025-09-28 06:08:00,2025-09-26 07:08:00,2025-09-28 07:08:00
94,6,858772750752307074692,customer94@lunara-spa.demo,Trần Phương Quỳnh,https://ui-avatars.com/api/?name=Trần+Phương+Quỳnh,1,\N,2025-08-31 15:36:00,2025-08-21 11:36:00,2025-08-31 16:36:00
95,6,686071105929292844343,customer95@lunara-spa.demo,Nguyễn Tuyết Lan,https://ui-avatars.com/api/?name=Nguyễn+Tuyết+Lan,1,\N,2026-06-09 08:20:00,2026-05-30 07:20:00,2026-06-09 09:20:00
96,6,316256640046573364231,customer96@lunara-spa.demo,Mai Bá An,https://ui-avatars.com/api/?name=Mai+Bá+An,1,\N,2026-01-10 09:17:00,2025-12-25 12:17:00,2026-01-10 10:17:00
97,6,547311896637708290607,customer97@lunara-spa.demo,Ngô Thanh Thịnh,https://ui-avatars.com/api/?name=Ngô+Thanh+Thịnh,1,\N,2026-03-11 01:49:00,2026-03-08 09:49:00,2026-03-11 02:49:00
98,6,225790460650818816460,customer98@lunara-spa.demo,Tô Chí Minh,https://ui-avatars.com/api/?name=Tô+Chí+Minh,1,\N,2025-12-03 19:55:00,2025-11-22 10:55:00,2025-12-03 20:55:00
99,6,189954729089619264199,customer99@lunara-spa.demo,Vũ Quỳnh Ngân,https://ui-avatars.com/api/?name=Vũ+Quỳnh+Ngân,1,\N,2026-03-13 17:15:00,2026-03-11 09:15:00,2026-03-13 18:15:00
100,6,927799327580109689000,customer100@lunara-spa.demo,Đỗ Quỳnh Phương,https://ui-avatars.com/api/?name=Đỗ+Quỳnh+Phương,1,\N,2025-12-23 09:50:00,2025-12-14 07:50:00,2025-12-23 10:50:00
101,6,339476058374136806608,customer101@lunara-spa.demo,Hồ Bảo Hạnh,https://ui-avatars.com/api/?name=Hồ+Bảo+Hạnh,1,\N,2025-12-25 08:17:00,2025-12-15 10:17:00,2025-12-25 09:17:00
102,6,238208967099805387651,customer102@lunara-spa.demo,Trần Thị Linh,https://ui-avatars.com/api/?name=Trần+Thị+Linh,1,\N,2026-08-06 22:21:00,2026-07-20 13:21:00,2026-08-06 23:21:00
103,6,206813429449928110459,customer103@lunara-spa.demo,Phạm Việt Long,https://ui-avatars.com/api/?name=Phạm+Việt+Long,1,\N,2026-03-30 08:16:00,2026-03-10 13:16:00,2026-03-30 09:16:00
104,6,930107934644697938679,customer104@lunara-spa.demo,Huỳnh Thanh Quỳnh,https://ui-avatars.com/api/?name=Huỳnh+Thanh+Quỳnh,1,\N,2026-06-20 21:18:00,2026-06-16 11:18:00,2026-06-20 22:18:00
105,6,963082503189148461971,customer105@lunara-spa.demo,Trịnh Kim Anh,https://ui-avatars.com/api/?name=Trịnh+Kim+Anh,1,\N,2025-08-18 08:20:00,2025-08-10 14:20:00,2025-08-18 09:20:00
106,6,970135963547442654258,customer106@lunara-spa.demo,Phan Thị Phương,https://ui-avatars.com/api/?name=Phan+Thị+Phương,1,\N,2025-10-22 19:44:00,2025-10-13 09:44:00,2025-10-22 20:44:00
107,6,317948081500162761458,customer107@lunara-spa.demo,Lý Đức Hiếu,https://ui-avatars.com/api/?name=Lý+Đức+Hiếu,1,\N,2025-09-12 12:13:00,2025-08-29 08:13:00,2025-09-12 13:13:00
108,6,973211279594321228474,customer108@lunara-spa.demo,Võ Diệu Ngân,https://ui-avatars.com/api/?name=Võ+Diệu+Ngân,1,\N,2026-03-02 16:24:00,2026-02-26 13:24:00,2026-03-02 17:24:00
109,6,354602025798742541756,customer109@lunara-spa.demo,Phan Công An,https://ui-avatars.com/api/?name=Phan+Công+An,1,\N,2025-09-15 14:48:00,2025-09-14 06:48:00,2025-09-15 15:48:00
110,6,445976386121033494651,customer110@lunara-spa.demo,Nguyễn Thị Mai,https://ui-avatars.com/api/?name=Nguyễn+Thị+Mai,1,\N,2026-04-14 01:25:00,2026-03-30 13:25:00,2026-04-14 02:25:00
111,6,449786355444962880515,customer111@lunara-spa.demo,Ngô Thanh Hiếu,https://ui-avatars.com/api/?name=Ngô+Thanh+Hiếu,1,\N,2026-04-02 08:42:00,2026-03-29 09:42:00,2026-04-02 09:42:00
112,6,427485508220978772896,customer112@lunara-spa.demo,Võ Thị Thư,https://ui-avatars.com/api/?name=Võ+Thị+Thư,1,\N,2026-02-18 16:05:00,2026-02-04 10:05:00,2026-02-18 17:05:00
113,6,684434643822290750871,customer113@lunara-spa.demo,Phan Đình Vinh,https://ui-avatars.com/api/?name=Phan+Đình+Vinh,1,\N,2026-04-05 21:53:00,2026-03-18 12:53:00,2026-04-05 22:53:00
114,6,871709813282480428443,customer114@lunara-spa.demo,Phan Thanh Tuấn,https://ui-avatars.com/api/?name=Phan+Thanh+Tuấn,1,\N,2026-06-05 19:11:00,2026-05-29 13:11:00,2026-06-05 20:11:00
115,6,952086040820152431750,customer115@lunara-spa.demo,Lê Minh An,https://ui-avatars.com/api/?name=Lê+Minh+An,1,\N,2026-07-12 04:38:00,2026-06-25 14:38:00,2026-07-12 05:38:00
116,6,165559869875680691982,customer116@lunara-spa.demo,Trần Bảo Bảo,https://ui-avatars.com/api/?name=Trần+Bảo+Bảo,1,\N,2026-07-11 14:00:00,2026-07-06 15:00:00,2026-07-11 15:00:00
117,6,554880282754122972350,customer117@lunara-spa.demo,Bùi Yến Nhi,https://ui-avatars.com/api/?name=Bùi+Yến+Nhi,1,\N,2025-11-07 20:05:00,2025-11-03 07:05:00,2025-11-07 21:05:00
118,6,287837205790681916691,customer118@lunara-spa.demo,Bùi Bá Nam,https://ui-avatars.com/api/?name=Bùi+Bá+Nam,1,\N,2025-12-08 00:44:00,2025-11-21 05:44:00,2025-12-08 01:44:00
119,6,109004563079424100715,customer119@lunara-spa.demo,Vũ Xuân An,https://ui-avatars.com/api/?name=Vũ+Xuân+An,1,\N,2026-06-01 23:50:00,2026-05-25 11:50:00,2026-06-02 00:50:00
120,6,875775794909249358385,customer120@lunara-spa.demo,Tô Yến Hà,https://ui-avatars.com/api/?name=Tô+Yến+Hà,1,\N,2026-07-02 00:10:00,2026-06-29 05:10:00,2026-07-02 01:10:00
121,6,935108382895087441269,customer121@lunara-spa.demo,Phạm Phương Lan,https://ui-avatars.com/api/?name=Phạm+Phương+Lan,1,\N,2026-08-19 18:52:00,2026-08-13 14:52:00,2026-08-19 19:52:00
122,6,227761613757401169934,customer122@lunara-spa.demo,Mai Thu Yến,https://ui-avatars.com/api/?name=Mai+Thu+Yến,1,\N,2025-09-06 09:42:00,2025-08-18 14:42:00,2025-09-06 10:42:00
123,6,440459157124777214287,customer123@lunara-spa.demo,Hồ Đức Sơn,https://ui-avatars.com/api/?name=Hồ+Đức+Sơn,1,\N,2026-02-13 10:33:00,2026-02-06 11:33:00,2026-02-13 11:33:00
124,6,893209418223033313934,customer124@lunara-spa.demo,Trần Đình Thịnh,https://ui-avatars.com/api/?name=Trần+Đình+Thịnh,1,\N,2026-08-18 01:27:00,2026-08-15 14:27:00,2026-08-18 02:27:00
125,6,682035116151087168678,customer125@lunara-spa.demo,Đỗ Bá Bảo,https://ui-avatars.com/api/?name=Đỗ+Bá+Bảo,1,\N,2026-05-22 19:13:00,2026-05-20 05:13:00,2026-05-22 20:13:00
126,6,330547999458050543638,customer126@lunara-spa.demo,Đặng Trung Tuấn,https://ui-avatars.com/api/?name=Đặng+Trung+Tuấn,1,\N,2025-10-28 15:37:00,2025-10-19 13:37:00,2025-10-28 16:37:00
127,6,951612079420591127576,customer127@lunara-spa.demo,Vũ Hoài Nhung,https://ui-avatars.com/api/?name=Vũ+Hoài+Nhung,1,\N,2026-07-26 08:29:00,2026-07-21 08:29:00,2026-07-26 09:29:00
128,6,260465229712850405467,customer128@lunara-spa.demo,Dương Việt Huy,https://ui-avatars.com/api/?name=Dương+Việt+Huy,1,\N,2025-09-17 01:52:00,2025-08-27 05:52:00,2025-09-17 02:52:00
129,6,817899936564752406012,customer129@lunara-spa.demo,Lý Thị Thư,https://ui-avatars.com/api/?name=Lý+Thị+Thư,1,\N,2026-04-24 02:00:00,2026-04-07 15:00:00,2026-04-24 03:00:00
130,6,576964221714548829685,customer130@lunara-spa.demo,Hoàng Gia Lan,https://ui-avatars.com/api/?name=Hoàng+Gia+Lan,1,\N,2026-07-07 05:50:00,2026-06-18 10:50:00,2026-07-07 06:50:00
131,6,679309887975894721259,customer131@lunara-spa.demo,Nguyễn Trúc Yến,https://ui-avatars.com/api/?name=Nguyễn+Trúc+Yến,1,\N,2025-10-13 12:24:00,2025-10-02 14:24:00,2025-10-13 13:24:00
132,6,320250780571279292527,customer132@lunara-spa.demo,Dương Hải Huy,https://ui-avatars.com/api/?name=Dương+Hải+Huy,1,\N,2026-01-17 08:06:00,2025-12-30 14:06:00,2026-01-17 09:06:00
133,6,750253579034970843798,customer133@lunara-spa.demo,Võ Hồng Linh,https://ui-avatars.com/api/?name=Võ+Hồng+Linh,1,\N,2025-12-14 22:17:00,2025-12-02 06:17:00,2025-12-14 23:17:00
134,6,523386660010168097532,customer134@lunara-spa.demo,Huỳnh Đình Phúc,https://ui-avatars.com/api/?name=Huỳnh+Đình+Phúc,1,\N,2026-02-22 04:12:00,2026-02-19 08:12:00,2026-02-22 05:12:00
135,6,457210516289841014227,customer135@lunara-spa.demo,Tô Việt Khánh,https://ui-avatars.com/api/?name=Tô+Việt+Khánh,1,\N,2025-08-01 04:02:00,2025-07-23 12:02:00,2025-08-01 05:02:00
136,6,662410806170878732627,customer136@lunara-spa.demo,Hồ Như Yến,https://ui-avatars.com/api/?name=Hồ+Như+Yến,1,\N,2026-02-19 00:02:00,2026-02-07 12:02:00,2026-02-19 01:02:00
137,6,734416617771640256855,customer137@lunara-spa.demo,Vũ Quỳnh Quỳnh,https://ui-avatars.com/api/?name=Vũ+Quỳnh+Quỳnh,1,\N,2025-11-06 15:34:00,2025-10-28 05:34:00,2025-11-06 16:34:00
138,6,268650066166951879749,customer138@lunara-spa.demo,Trần Trúc Hạnh,https://ui-avatars.com/api/?name=Trần+Trúc+Hạnh,1,\N,2026-03-10 10:33:00,2026-02-23 12:33:00,2026-03-10 11:33:00
139,6,741444809739855982300,customer139@lunara-spa.demo,Hoàng Thảo Linh,https://ui-avatars.com/api/?name=Hoàng+Thảo+Linh,1,\N,2026-03-13 10:28:00,2026-02-27 05:28:00,2026-03-13 11:28:00
140,6,818657159732107685580,customer140@lunara-spa.demo,Mai Hồng Nhung,https://ui-avatars.com/api/?name=Mai+Hồng+Nhung,1,\N,2026-08-06 07:06:00,2026-07-21 08:06:00,2026-08-06 08:06:00
141,6,127321461893054011257,customer141@lunara-spa.demo,Phạm Nhật Nam,https://ui-avatars.com/api/?name=Phạm+Nhật+Nam,1,\N,2025-10-04 15:17:00,2025-09-15 10:17:00,2025-10-04 16:17:00
142,6,859453268874054490350,customer142@lunara-spa.demo,Bùi Việt An,https://ui-avatars.com/api/?name=Bùi+Việt+An,1,\N,2026-01-26 00:13:00,2026-01-15 07:13:00,2026-01-26 01:13:00
143,6,410378948337199740318,customer143@lunara-spa.demo,Võ Chí Nam,https://ui-avatars.com/api/?name=Võ+Chí+Nam,1,\N,2026-05-07 21:47:00,2026-04-30 06:47:00,2026-05-07 22:47:00
144,6,256183953431604258731,customer144@lunara-spa.demo,Mai Khánh Lan,https://ui-avatars.com/api/?name=Mai+Khánh+Lan,1,\N,2026-04-14 04:02:00,2026-04-01 08:02:00,2026-04-14 05:02:00
145,6,151554133002289278509,customer145@lunara-spa.demo,Mai Công Tuấn,https://ui-avatars.com/api/?name=Mai+Công+Tuấn,1,\N,2025-08-30 13:57:00,2025-08-26 08:57:00,2025-08-30 14:57:00
146,6,437177006083169468771,customer146@lunara-spa.demo,Đinh Ngọc Nhung,https://ui-avatars.com/api/?name=Đinh+Ngọc+Nhung,1,\N,2026-05-09 16:24:00,2026-04-21 11:24:00,2026-05-09 17:24:00
147,6,749657351027544453825,customer147@lunara-spa.demo,Phạm Bảo Huy,https://ui-avatars.com/api/?name=Phạm+Bảo+Huy,1,\N,2026-07-09 05:34:00,2026-06-21 05:34:00,2026-07-09 06:34:00
148,6,774297955699706641706,customer148@lunara-spa.demo,Nguyễn Gia Vy,https://ui-avatars.com/api/?name=Nguyễn+Gia+Vy,1,\N,2025-08-27 21:34:00,2025-08-11 10:34:00,2025-08-27 22:34:00
149,6,497676404182868584861,customer149@lunara-spa.demo,Vũ Gia Phương,https://ui-avatars.com/api/?name=Vũ+Gia+Phương,1,\N,2026-04-03 14:16:00,2026-03-19 05:16:00,2026-04-03 15:16:00
150,6,510589777506357874235,customer150@lunara-spa.demo,Trịnh Khánh Nga,https://ui-avatars.com/api/?name=Trịnh+Khánh+Nga,1,\N,2025-09-18 07:53:00,2025-08-28 14:53:00,2025-09-18 08:53:00
151,6,116281572419686275909,customer151@lunara-spa.demo,Mai Bảo Trí,https://ui-avatars.com/api/?name=Mai+Bảo+Trí,1,\N,2025-12-25 17:16:00,2025-12-14 06:16:00,2025-12-25 18:16:00
152,6,228208656632102937745,customer152@lunara-spa.demo,Mai Quang Phúc,https://ui-avatars.com/api/?name=Mai+Quang+Phúc,1,\N,2026-01-06 09:30:00,2026-01-03 13:30:00,2026-01-06 10:30:00
153,6,551255521407503262382,customer153@lunara-spa.demo,Ngô Chí Thịnh,https://ui-avatars.com/api/?name=Ngô+Chí+Thịnh,1,\N,2025-08-15 00:49:00,2025-07-26 10:49:00,2025-08-15 01:49:00
154,6,954391448429768728428,customer154@lunara-spa.demo,Trần Minh Vy,https://ui-avatars.com/api/?name=Trần+Minh+Vy,1,\N,2026-02-03 10:56:00,2026-01-17 14:56:00,2026-02-03 11:56:00
155,6,976600569154379949754,customer155@lunara-spa.demo,Lê Văn Nam,https://ui-avatars.com/api/?name=Lê+Văn+Nam,1,\N,2026-06-08 13:00:00,2026-05-25 14:00:00,2026-06-08 14:00:00
156,6,411557863389692296691,customer156@lunara-spa.demo,Lý Chí Bình,https://ui-avatars.com/api/?name=Lý+Chí+Bình,1,\N,2025-07-31 19:25:00,2025-07-30 14:25:00,2025-07-31 20:25:00
157,6,817217628521406921782,customer157@lunara-spa.demo,Huỳnh Bảo Bảo,https://ui-avatars.com/api/?name=Huỳnh+Bảo+Bảo,1,\N,2025-08-14 18:07:00,2025-07-31 11:07:00,2025-08-14 19:07:00
158,6,736461350758976790062,customer158@lunara-spa.demo,Nguyễn Ngọc Lan,https://ui-avatars.com/api/?name=Nguyễn+Ngọc+Lan,1,\N,2025-10-10 17:22:00,2025-10-04 12:22:00,2025-10-10 18:22:00
159,6,712988343653251109835,customer159@lunara-spa.demo,Phan Việt Hiếu,https://ui-avatars.com/api/?name=Phan+Việt+Hiếu,1,\N,2025-10-08 14:45:00,2025-09-22 14:45:00,2025-10-08 15:45:00
160,6,237933663871977718993,customer160@lunara-spa.demo,Phạm Tuấn Sơn,https://ui-avatars.com/api/?name=Phạm+Tuấn+Sơn,1,\N,2025-09-23 02:58:00,2025-09-06 09:58:00,2025-09-23 03:58:00
161,6,113168007816218172405,customer161@lunara-spa.demo,Lý Chí Sơn,https://ui-avatars.com/api/?name=Lý+Chí+Sơn,1,\N,2026-08-05 14:57:00,2026-08-01 06:57:00,2026-08-05 15:57:00
162,6,712230663779583256352,customer162@lunara-spa.demo,Hoàng Việt Phúc,https://ui-avatars.com/api/?name=Hoàng+Việt+Phúc,1,\N,2025-10-07 05:04:00,2025-10-05 14:04:00,2025-10-07 06:04:00
163,6,688649834572033760818,customer163@lunara-spa.demo,Hồ Nhật Kiệt,https://ui-avatars.com/api/?name=Hồ+Nhật+Kiệt,1,\N,2026-08-13 03:15:00,2026-08-09 05:15:00,2026-08-13 04:15:00
164,6,546433062230867349503,customer164@lunara-spa.demo,Trịnh Nhật Bảo,https://ui-avatars.com/api/?name=Trịnh+Nhật+Bảo,1,\N,2026-03-17 00:42:00,2026-03-04 08:42:00,2026-03-17 01:42:00
165,6,462072433710531311958,customer165@lunara-spa.demo,Lý Thanh Phúc,https://ui-avatars.com/api/?name=Lý+Thanh+Phúc,1,\N,2026-05-25 15:38:00,2026-05-22 06:38:00,2026-05-25 16:38:00
166,6,130577478205191418986,customer166@lunara-spa.demo,Đỗ Bảo Huy,https://ui-avatars.com/api/?name=Đỗ+Bảo+Huy,1,\N,2025-12-23 02:37:00,2025-12-10 09:37:00,2025-12-23 03:37:00
167,6,501058897155639280135,customer167@lunara-spa.demo,Mai Nhật Đạt,https://ui-avatars.com/api/?name=Mai+Nhật+Đạt,1,\N,2026-04-18 14:45:00,2026-04-02 07:45:00,2026-04-18 15:45:00
168,6,559848015087354977430,customer168@lunara-spa.demo,Lê Quang Hiếu,https://ui-avatars.com/api/?name=Lê+Quang+Hiếu,1,\N,2026-05-13 10:24:00,2026-05-08 05:24:00,2026-05-13 11:24:00
169,6,376224581641443763373,customer169@lunara-spa.demo,Ngô Hồng Vy,https://ui-avatars.com/api/?name=Ngô+Hồng+Vy,1,\N,2026-03-02 07:42:00,2026-02-13 07:42:00,2026-03-02 08:42:00
170,6,489850648614306544072,customer170@lunara-spa.demo,Hồ Thu Thư,https://ui-avatars.com/api/?name=Hồ+Thu+Thư,1,\N,2025-10-31 11:47:00,2025-10-12 13:47:00,2025-10-31 12:47:00
171,6,\N,customer171@lunara-spa.demo,Võ Minh Vy,https://ui-avatars.com/api/?name=Võ+Minh+Vy,0,\N,\N,2026-05-18 10:57:00,2026-05-18 11:57:00
172,6,\N,customer172@lunara-spa.demo,Tô Thành Tuấn,https://ui-avatars.com/api/?name=Tô+Thành+Tuấn,0,\N,\N,2025-09-20 08:10:00,2025-09-20 09:10:00
173,6,\N,customer173@lunara-spa.demo,Đỗ Quỳnh Chi,https://ui-avatars.com/api/?name=Đỗ+Quỳnh+Chi,0,\N,\N,2026-01-22 11:32:00,2026-01-22 12:32:00
