id,booking_id,service_id,service_name_snapshot,duration_minutes,base_price_snapshot,additional_duration_steps,price_per_step_snapshot,line_amount,created_at
1,1,1,Chăm sóc da mặt cơ bản,90,350000,1,120000,470000,2026-06-03 06:45:00
2,1,3,Cấp ẩm chuyên sâu da mặt,60,520000,0,150000,520000,2026-06-03 06:45:00
3,1,2,Làm sạch sâu da mặt,75,480000,0,0,480000,2026-06-03 06:45:00
4,2,4,Massage thư giãn toàn thân,60,450000,0,180000,450000,2026-08-24 10:00:00
5,3,2,Làm sạch sâu da mặt,75,480000,0,0,480000,2026-07-12 09:15:00
6,4,11,Phục hồi da cao cấp,90,850000,0,0,850000,2026-09-14 14:00:00
7,4,3,Cấp ẩm chuyên sâu da mặt,90,520000,1,150000,670000,2026-09-14 14:00:00
8,5,9,Ủ dưỡng và chăm sóc cơ thể,75,580000,0,0,580000,2026-09-15 04:00:00
9,6,1,Chăm sóc da mặt cơ bản,90,350000,1,120000,470000,2026-09-01 09:30:00
10,7,2,Làm sạch sâu da mặt,75,480000,0,0,480000,2026-09-14 10:00:00
11,8,1,Chăm sóc da mặt cơ bản,90,350000,1,120000,470000,2026-06-02 07:30:00
12,9,4,Massage thư giãn toàn thân,90,450000,1,180000,630000,2026-09-14 19:00:00
13,10,7,"Trị liệu đầu, cổ và vai gáy",45,280000,0,0,280000,2026-09-14 18:00:00
14,11,7,"Trị liệu đầu, cổ và vai gáy",45,280000,0,0,280000,2026-09-14 14:00:00
15,12,1,Chăm sóc da mặt cơ bản,90,350000,1,120000,470000,2026-07-20 10:15:00
16,13,10,Chăm sóc và massage bàn chân,60,250000,1,80000,330000,2026-09-15 02:00:00
17,14,1,Chăm sóc da mặt cơ bản,120,350000,2,120000,590000,2026-09-01 05:00:00
18,15,2,Làm sạch sâu da mặt,75,480000,0,0,480000,2026-06-14 12:30:00
19,16,5,Massage tinh dầu,60,520000,0,200000,520000,2026-05-25 10:30:00
20,17,2,Làm sạch sâu da mặt,75,480000,0,0,480000,2026-06-19 11:15:00
21,18,6,Massage đá nóng,90,650000,0,0,650000,2026-05-20 09:30:00
22,18,2,Làm sạch sâu da mặt,75,480000,0,0,480000,2026-05-20 09:30:00
23,19,4,Massage thư giãn toàn thân,60,450000,0,180000,450000,2026-07-16 14:30:00
24,20,8,Tẩy tế bào chết toàn thân,60,420000,0,0,420000,2026-09-15 09:00:00
25,21,6,Massage đá nóng,90,650000,0,0,650000,2026-08-21 09:45:00
26,22,8,Tẩy tế bào chết toàn thân,60,420000,0,0,420000,2026-08-04 10:00:00
27,23,3,Cấp ẩm chuyên sâu da mặt,60,520000,0,150000,520000,2026-07-18 15:15:00
28,24,6,Massage đá nóng,90,650000,0,0,650000,2026-06-14 08:15:00
29,24,3,Cấp ẩm chuyên sâu da mặt,60,520000,0,150000,520000,2026-06-14 08:15:00
30,25,6,Massage đá nóng,90,650000,0,0,650000,2026-09-04 10:45:00
31,26,6,Massage đá nóng,90,650000,0,0,650000,2026-08-04 12:45:00
32,26,3,Cấp ẩm chuyên sâu da mặt,90,520000,1,150000,670000,2026-08-04 12:45:00
33,27,1,Chăm sóc da mặt cơ bản,90,350000,1,120000,470000,2026-06-09 10:15:00
34,27,3,Cấp ẩm chuyên sâu da mặt,90,520000,1,150000,670000,2026-06-09 10:15:00
35,28,10,Chăm sóc và massage bàn chân,45,250000,0,80000,250000,2026-09-15 02:00:00
36,28,7,"Trị liệu đầu, cổ và vai gáy",45,280000,0,0,280000,2026-09-15 02:00:00
37,29,4,Massage thư giãn toàn thân,60,450000,0,180000,450000,2026-09-15 08:00:00
38,30,8,Tẩy tế bào chết toàn thân,60,420000,0,0,420000,2026-09-14 16:00:00
39,31,2,Làm sạch sâu da mặt,75,480000,0,0,480000,2026-08-24 12:30:00
40,31,1,Chăm sóc da mặt cơ bản,120,350000,2,120000,590000,2026-08-24 12:30:00
41,32,1,Chăm sóc da mặt cơ bản,60,350000,0,120000,350000,2026-09-03 07:45:00
42,33,1,Chăm sóc da mặt cơ bản,90,350000,1,120000,470000,2026-09-14 12:15:00
43,34,9,Ủ dưỡng và chăm sóc cơ thể,75,580000,0,0,580000,2026-08-21 06:00:00
44,35,2,Làm sạch sâu da mặt,75,480000,0,0,480000,2026-09-14 18:00:00
45,36,9,Ủ dưỡng và chăm sóc cơ thể,75,580000,0,0,580000,2026-06-09 05:15:00
46,37,5,Massage tinh dầu,60,520000,0,200000,520000,2026-05-17 05:15:00
47,38,5,Massage tinh dầu,120,520000,2,200000,920000,2026-05-19 12:15:00
48,38,4,Massage thư giãn toàn thân,90,450000,1,180000,630000,2026-05-19 12:15:00
49,39,6,Massage đá nóng,90,650000,0,0,650000,2026-08-22 07:30:00
50,40,9,Ủ dưỡng và chăm sóc cơ thể,75,580000,0,0,580000,2026-07-14 04:00:00
51,40,6,Massage đá nóng,90,650000,0,0,650000,2026-07-14 04:00:00
52,41,3,Cấp ẩm chuyên sâu da mặt,60,520000,0,150000,520000,2026-06-20 06:15:00
53,42,2,Làm sạch sâu da mặt,75,480000,0,0,480000,2026-08-14 05:15:00
54,43,10,Chăm sóc và massage bàn chân,45,250000,0,80000,250000,2026-09-14 13:00:00
55,44,10,Chăm sóc và massage bàn chân,60,250000,1,80000,330000,2026-09-14 18:00:00
56,45,6,Massage đá nóng,90,650000,0,0,650000,2026-09-15 05:00:00
57,46,6,Massage đá nóng,90,650000,0,0,650000,2026-09-15 05:00:00
58,47,6,Massage đá nóng,90,650000,0,0,650000,2026-08-01 07:00:00
59,48,1,Chăm sóc da mặt cơ bản,90,350000,1,120000,470000,2026-09-14 17:00:00
60,49,4,Massage thư giãn toàn thân,120,450000,2,180000,810000,2026-09-07 09:15:00
61,50,8,Tẩy tế bào chết toàn thân,60,420000,0,0,420000,2026-05-25 12:00:00
62,50,2,Làm sạch sâu da mặt,75,480000,0,0,480000,2026-05-25 12:00:00
63,51,2,Làm sạch sâu da mặt,75,480000,0,0,480000,2026-09-15 00:00:00
64,52,4,Massage thư giãn toàn thân,90,450000,1,180000,630000,2026-09-15 12:00:00
65,53,11,Phục hồi da cao cấp,90,850000,0,0,850000,2026-09-15 00:00:00
66,54,5,Massage tinh dầu,90,520000,1,200000,720000,2026-09-15 02:00:00
67,55,3,Cấp ẩm chuyên sâu da mặt,120,520000,2,150000,820000,2026-09-15 08:00:00
68,56,5,Massage tinh dầu,90,520000,1,200000,720000,2026-09-01 07:15:00
69,57,7,"Trị liệu đầu, cổ và vai gáy",45,280000,0,0,280000,2026-05-15 09:15:00
70,58,2,Làm sạch sâu da mặt,75,480000,0,0,480000,2026-09-13 12:30:00
71,59,2,Làm sạch sâu da mặt,75,480000,0,0,480000,2026-09-15 05:00:00
72,60,2,Làm sạch sâu da mặt,75,480000,0,0,480000,2026-09-15 13:00:00
73,61,1,Chăm sóc da mặt cơ bản,120,350000,2,120000,590000,2026-06-06 06:30:00
74,62,6,Massage đá nóng,90,650000,0,0,650000,2026-07-05 10:30:00
75,63,10,Chăm sóc và massage bàn chân,60,250000,1,80000,330000,2026-06-26 11:45:00
76,64,10,Chăm sóc và massage bàn chân,60,250000,1,80000,330000,2026-09-03 11:15:00
77,65,4,Massage thư giãn toàn thân,60,450000,0,180000,450000,2026-08-24 12:45:00
78,66,7,"Trị liệu đầu, cổ và vai gáy",45,280000,0,0,280000,2026-06-17 06:30:00
79,66,8,Tẩy tế bào chết toàn thân,60,420000,0,0,420000,2026-06-17 06:30:00
80,67,1,Chăm sóc da mặt cơ bản,120,350000,2,120000,590000,2026-09-15 10:00:00
81,68,4,Massage thư giãn toàn thân,120,450000,2,180000,810000,2026-07-09 09:00:00
82,69,7,"Trị liệu đầu, cổ và vai gáy",45,280000,0,0,280000,2026-05-18 12:30:00
83,70,6,Massage đá nóng,90,650000,0,0,650000,2026-06-12 12:30:00
84,71,4,Massage thư giãn toàn thân,90,450000,1,180000,630000,2026-08-24 10:15:00
85,71,1,Chăm sóc da mặt cơ bản,60,350000,0,120000,350000,2026-08-24 10:15:00
86,72,5,Massage tinh dầu,120,520000,2,200000,920000,2026-08-25 09:15:00
87,73,11,Phục hồi da cao cấp,90,850000,0,0,850000,2026-06-17 03:45:00
88,74,10,Chăm sóc và massage bàn chân,60,250000,1,80000,330000,2026-09-15 11:15:00
89,75,2,Làm sạch sâu da mặt,75,480000,0,0,480000,2026-09-14 19:00:00
90,75,1,Chăm sóc da mặt cơ bản,120,350000,2,120000,590000,2026-09-14 19:00:00
91,76,3,Cấp ẩm chuyên sâu da mặt,120,520000,2,150000,820000,2026-09-15 07:00:00
92,76,11,Phục hồi da cao cấp,90,850000,0,0,850000,2026-09-15 07:00:00
93,77,1,Chăm sóc da mặt cơ bản,120,350000,2,120000,590000,2026-09-15 03:00:00
94,78,10,Chăm sóc và massage bàn chân,60,250000,1,80000,330000,2026-05-30 06:45:00
95,79,7,"Trị liệu đầu, cổ và vai gáy",45,280000,0,0,280000,2026-07-27 10:30:00
96,80,1,Chăm sóc da mặt cơ bản,120,350000,2,120000,590000,2026-09-15 06:00:00
97,81,2,Làm sạch sâu da mặt,75,480000,0,0,480000,2026-09-14 23:00:00
98,81,3,Cấp ẩm chuyên sâu da mặt,90,520000,1,150000,670000,2026-09-14 23:00:00
99,82,1,Chăm sóc da mặt cơ bản,120,350000,2,120000,590000,2026-06-01 15:30:00
100,83,7,"Trị liệu đầu, cổ và vai gáy",45,280000,0,0,280000,2026-08-23 05:45:00
101,84,3,Cấp ẩm chuyên sâu da mặt,120,520000,2,150000,820000,2026-09-10 09:15:00
102,85,2,Làm sạch sâu da mặt,75,480000,0,0,480000,2026-09-14 12:00:00
103,85,3,Cấp ẩm chuyên sâu da mặt,60,520000,0,150000,520000,2026-09-14 12:00:00
104,86,5,Massage tinh dầu,90,520000,1,200000,720000,2026-09-14 15:00:00
105,87,5,Massage tinh dầu,60,520000,0,200000,520000,2026-05-27 14:30:00
106,88,8,Tẩy tế bào chết toàn thân,60,420000,0,0,420000,2026-06-18 08:30:00
107,89,1,Chăm sóc da mặt cơ bản,90,350000,1,120000,470000,2026-09-15 12:00:00
108,90,10,Chăm sóc và massage bàn chân,60,250000,1,80000,330000,2026-06-11 09:45:00
109,91,9,Ủ dưỡng và chăm sóc cơ thể,75,580000,0,0,580000,2026-08-18 05:00:00
110,92,6,Massage đá nóng,90,650000,0,0,650000,2026-08-01 08:45:00
111,93,5,Massage tinh dầu,90,520000,1,200000,720000,2026-09-14 10:15:00
112,94,10,Chăm sóc và massage bàn chân,60,250000,1,80000,330000,2026-06-25 11:00:00
113,95,3,Cấp ẩm chuyên sâu da mặt,90,520000,1,150000,670000,2026-06-19 10:45:00
114,96,10,Chăm sóc và massage bàn chân,60,250000,1,80000,330000,2026-09-15 11:00:00
115,97,2,Làm sạch sâu da mặt,75,480000,0,0,480000,2026-09-15 10:00:00
116,98,8,Tẩy tế bào chết toàn thân,60,420000,0,0,420000,2026-09-15 05:00:00
117,99,7,"Trị liệu đầu, cổ và vai gáy",45,280000,0,0,280000,2026-05-31 13:45:00
118,100,1,Chăm sóc da mặt cơ bản,90,350000,1,120000,470000,2026-08-01 07:30:00
119,101,10,Chăm sóc và massage bàn chân,60,250000,1,80000,330000,2026-07-17 13:45:00
120,102,4,Massage thư giãn toàn thân,90,450000,1,180000,630000,2026-09-07 10:00:00
121,102,2,Làm sạch sâu da mặt,75,480000,0,0,480000,2026-09-07 10:00:00
122,103,9,Ủ dưỡng và chăm sóc cơ thể,75,580000,0,0,580000,2026-09-14 11:00:00
123,104,6,Massage đá nóng,90,650000,0,0,650000,2026-09-14 09:00:00
124,105,10,Chăm sóc và massage bàn chân,60,250000,1,80000,330000,2026-06-11 11:00:00
125,106,7,"Trị liệu đầu, cổ và vai gáy",45,280000,0,0,280000,2026-09-14 09:00:00
126,107,10,Chăm sóc và massage bàn chân,60,250000,1,80000,330000,2026-09-14 11:00:00
127,108,2,Làm sạch sâu da mặt,75,480000,0,0,480000,2026-09-12 09:30:00
128,109,9,Ủ dưỡng và chăm sóc cơ thể,75,580000,0,0,580000,2026-09-15 12:00:00
129,110,5,Massage tinh dầu,90,520000,1,200000,720000,2026-09-15 08:00:00
130,111,2,Làm sạch sâu da mặt,75,480000,0,0,480000,2026-09-15 02:00:00
131,112,2,Làm sạch sâu da mặt,75,480000,0,0,480000,2026-06-22 05:00:00
132,113,6,Massage đá nóng,90,650000,0,0,650000,2026-08-22 08:45:00
133,114,4,Massage thư giãn toàn thân,60,450000,0,180000,450000,2026-09-14 21:00:00
134,115,11,Phục hồi da cao cấp,90,850000,0,0,850000,2026-06-04 12:15:00
135,115,1,Chăm sóc da mặt cơ bản,60,350000,0,120000,350000,2026-06-04 12:15:00
136,116,3,Cấp ẩm chuyên sâu da mặt,120,520000,2,150000,820000,2026-09-14 16:00:00
137,117,7,"Trị liệu đầu, cổ và vai gáy",45,280000,0,0,280000,2026-09-15 07:00:00
138,118,3,Cấp ẩm chuyên sâu da mặt,90,520000,1,150000,670000,2026-05-27 11:30:00
139,119,2,Làm sạch sâu da mặt,75,480000,0,0,480000,2026-09-14 10:00:00
140,120,7,"Trị liệu đầu, cổ và vai gáy",45,280000,0,0,280000,2026-06-03 14:45:00
141,121,4,Massage thư giãn toàn thân,60,450000,0,180000,450000,2026-07-07 10:15:00
142,122,10,Chăm sóc và massage bàn chân,60,250000,1,80000,330000,2026-09-14 18:00:00
143,123,3,Cấp ẩm chuyên sâu da mặt,90,520000,1,150000,670000,2026-09-14 22:00:00
144,124,4,Massage thư giãn toàn thân,90,450000,1,180000,630000,2026-07-24 10:15:00
145,125,1,Chăm sóc da mặt cơ bản,60,350000,0,120000,350000,2026-09-06 12:00:00
146,126,4,Massage thư giãn toàn thân,120,450000,2,180000,810000,2026-09-15 00:00:00
147,127,2,Làm sạch sâu da mặt,75,480000,0,0,480000,2026-09-14 23:00:00
148,128,5,Massage tinh dầu,90,520000,1,200000,720000,2026-06-21 06:15:00
149,129,3,Cấp ẩm chuyên sâu da mặt,120,520000,2,150000,820000,2026-09-09 08:45:00
150,130,8,Tẩy tế bào chết toàn thân,60,420000,0,0,420000,2026-08-25 10:15:00
151,131,4,Massage thư giãn toàn thân,90,450000,1,180000,630000,2026-09-15 03:00:00
152,132,1,Chăm sóc da mặt cơ bản,90,350000,1,120000,470000,2026-09-14 10:00:00
153,133,10,Chăm sóc và massage bàn chân,45,250000,0,80000,250000,2026-08-29 08:45:00
154,134,2,Làm sạch sâu da mặt,75,480000,0,0,480000,2026-08-26 04:30:00
155,135,1,Chăm sóc da mặt cơ bản,60,350000,0,120000,350000,2026-08-28 11:15:00
156,136,8,Tẩy tế bào chết toàn thân,60,420000,0,0,420000,2026-09-14 23:00:00
157,137,11,Phục hồi da cao cấp,90,850000,0,0,850000,2026-07-12 07:15:00
158,138,2,Làm sạch sâu da mặt,75,480000,0,0,480000,2026-05-18 09:00:00
159,139,1,Chăm sóc da mặt cơ bản,120,350000,2,120000,590000,2026-09-14 21:00:00
160,140,4,Massage thư giãn toàn thân,120,450000,2,180000,810000,2026-08-18 09:15:00
161,141,9,Ủ dưỡng và chăm sóc cơ thể,75,580000,0,0,580000,2026-07-31 10:45:00
162,142,2,Làm sạch sâu da mặt,75,480000,0,0,480000,2026-09-14 07:45:00
163,142,4,Massage thư giãn toàn thân,90,450000,1,180000,630000,2026-09-14 07:45:00
164,143,4,Massage thư giãn toàn thân,60,450000,0,180000,450000,2026-05-28 15:45:00
165,144,2,Làm sạch sâu da mặt,75,480000,0,0,480000,2026-07-01 07:45:00
166,145,3,Cấp ẩm chuyên sâu da mặt,120,520000,2,150000,820000,2026-07-21 09:45:00
167,146,6,Massage đá nóng,90,650000,0,0,650000,2026-07-14 09:15:00
168,147,6,Massage đá nóng,90,650000,0,0,650000,2026-08-26 09:00:00
169,148,4,Massage thư giãn toàn thân,120,450000,2,180000,810000,2026-09-15 02:00:00
170,149,2,Làm sạch sâu da mặt,75,480000,0,0,480000,2026-08-12 15:00:00
171,149,5,Massage tinh dầu,90,520000,1,200000,720000,2026-08-12 15:00:00
172,150,2,Làm sạch sâu da mặt,75,480000,0,0,480000,2026-08-14 15:00:00
173,151,2,Làm sạch sâu da mặt,75,480000,0,0,480000,2026-09-15 10:00:00
174,152,7,"Trị liệu đầu, cổ và vai gáy",45,280000,0,0,280000,2026-06-02 04:30:00
175,153,7,"Trị liệu đầu, cổ và vai gáy",45,280000,0,0,280000,2026-09-14 17:00:00
176,154,10,Chăm sóc và massage bàn chân,45,250000,0,80000,250000,2026-09-15 11:00:00
177,155,1,Chăm sóc da mặt cơ bản,120,350000,2,120000,590000,2026-05-14 14:45:00
178,156,4,Massage thư giãn toàn thân,60,450000,0,180000,450000,2026-07-09 16:00:00
179,157,5,Massage tinh dầu,90,520000,1,200000,720000,2026-08-18 16:00:00
180,158,2,Làm sạch sâu da mặt,75,480000,0,0,480000,2026-09-14 13:45:00
181,159,5,Massage tinh dầu,120,520000,2,200000,920000,2026-08-29 07:00:00
182,160,8,Tẩy tế bào chết toàn thân,60,420000,0,0,420000,2026-09-14 20:00:00
183,161,1,Chăm sóc da mặt cơ bản,60,350000,0,120000,350000,2026-09-15 06:00:00
184,162,2,Làm sạch sâu da mặt,75,480000,0,0,480000,2026-07-21 13:45:00
185,163,11,Phục hồi da cao cấp,90,850000,0,0,850000,2026-07-02 05:45:00
186,164,8,Tẩy tế bào chết toàn thân,60,420000,0,0,420000,2026-09-15 03:00:00
187,165,5,Massage tinh dầu,90,520000,1,200000,720000,2026-06-11 09:15:00
188,165,4,Massage thư giãn toàn thân,120,450000,2,180000,810000,2026-06-11 09:15:00
189,166,2,Làm sạch sâu da mặt,75,480000,0,0,480000,2026-09-14 19:00:00
190,166,8,Tẩy tế bào chết toàn thân,60,420000,0,0,420000,2026-09-14 19:00:00
191,167,9,Ủ dưỡng và chăm sóc cơ thể,75,580000,0,0,580000,2026-09-02 10:45:00
192,168,11,Phục hồi da cao cấp,90,850000,0,0,850000,2026-07-01 12:15:00
193,168,3,Cấp ẩm chuyên sâu da mặt,90,520000,1,150000,670000,2026-07-01 12:15:00
194,169,5,Massage tinh dầu,90,520000,1,200000,720000,2026-09-15 09:00:00
195,170,1,Chăm sóc da mặt cơ bản,90,350000,1,120000,470000,2026-09-15 07:00:00
196,171,7,"Trị liệu đầu, cổ và vai gáy",45,280000,0,0,280000,2026-09-14 06:30:00
197,172,4,Massage thư giãn toàn thân,90,450000,1,180000,630000,2026-09-14 11:00:00
198,173,2,Làm sạch sâu da mặt,75,480000,0,0,480000,2026-08-10 16:15:00
199,174,11,Phục hồi da cao cấp,90,850000,0,0,850000,2026-07-02 12:45:00
200,175,10,Chăm sóc và massage bàn chân,60,250000,1,80000,330000,2026-06-05 05:15:00
201,176,10,Chăm sóc và massage bàn chân,45,250000,0,80000,250000,2026-09-14 15:00:00
202,177,10,Chăm sóc và massage bàn chân,45,250000,0,80000,250000,2026-09-14 12:00:00
203,178,6,Massage đá nóng,90,650000,0,0,650000,2026-07-18 08:15:00
204,179,7,"Trị liệu đầu, cổ và vai gáy",45,280000,0,0,280000,2026-08-16 09:30:00
205,180,3,Cấp ẩm chuyên sâu da mặt,120,520000,2,150000,820000,2026-09-14 07:45:00
206,181,9,Ủ dưỡng và chăm sóc cơ thể,75,580000,0,0,580000,2026-09-03 05:30:00
207,182,7,"Trị liệu đầu, cổ và vai gáy",45,280000,0,0,280000,2026-09-15 13:00:00
208,183,10,Chăm sóc và massage bàn chân,75,250000,2,80000,410000,2026-06-20 16:00:00
209,184,10,Chăm sóc và massage bàn chân,45,250000,0,80000,250000,2026-05-20 10:00:00
210,185,4,Massage thư giãn toàn thân,60,450000,0,180000,450000,2026-09-14 22:00:00
211,186,2,Làm sạch sâu da mặt,75,480000,0,0,480000,2026-08-24 09:30:00
212,187,7,"Trị liệu đầu, cổ và vai gáy",45,280000,0,0,280000,2026-06-12 12:30:00
213,188,4,Massage thư giãn toàn thân,60,450000,0,180000,450000,2026-06-20 10:00:00
214,189,1,Chăm sóc da mặt cơ bản,60,350000,0,120000,350000,2026-07-22 12:30:00
215,190,4,Massage thư giãn toàn thân,120,450000,2,180000,810000,2026-06-21 14:45:00
216,191,6,Massage đá nóng,90,650000,0,0,650000,2026-05-14 11:30:00
217,192,9,Ủ dưỡng và chăm sóc cơ thể,75,580000,0,0,580000,2026-09-14 22:00:00
218,193,7,"Trị liệu đầu, cổ và vai gáy",45,280000,0,0,280000,2026-05-11 16:00:00
219,194,2,Làm sạch sâu da mặt,75,480000,0,0,480000,2026-08-20 12:15:00
220,195,2,Làm sạch sâu da mặt,75,480000,0,0,480000,2026-09-14 18:00:00
221,196,10,Chăm sóc và massage bàn chân,60,250000,1,80000,330000,2026-09-14 10:00:00
222,197,10,Chăm sóc và massage bàn chân,45,250000,0,80000,250000,2026-07-29 13:00:00
223,198,9,Ủ dưỡng và chăm sóc cơ thể,75,580000,0,0,580000,2026-07-08 03:30:00
224,199,4,Massage thư giãn toàn thân,90,450000,1,180000,630000,2026-09-14 15:00:00
225,199,5,Massage tinh dầu,60,520000,0,200000,520000,2026-09-14 15:00:00
226,200,2,Làm sạch sâu da mặt,75,480000,0,0,480000,2026-08-27 05:30:00
227,201,3,Cấp ẩm chuyên sâu da mặt,90,520000,1,150000,670000,2026-08-26 09:30:00
228,202,9,Ủ dưỡng và chăm sóc cơ thể,75,580000,0,0,580000,2026-06-30 10:30:00
229,202,8,Tẩy tế bào chết toàn thân,60,420000,0,0,420000,2026-06-30 10:30:00
230,203,1,Chăm sóc da mặt cơ bản,60,350000,0,120000,350000,2026-08-08 08:00:00
231,204,9,Ủ dưỡng và chăm sóc cơ thể,75,580000,0,0,580000,2026-08-21 16:15:00
232,205,4,Massage thư giãn toàn thân,120,450000,2,180000,810000,2026-08-24 10:15:00
233,206,4,Massage thư giãn toàn thân,90,450000,1,180000,630000,2026-09-07 07:00:00
234,207,2,Làm sạch sâu da mặt,75,480000,0,0,480000,2026-05-28 12:00:00
235,207,6,Massage đá nóng,90,650000,0,0,650000,2026-05-28 12:00:00
236,208,2,Làm sạch sâu da mặt,75,480000,0,0,480000,2026-08-01 07:45:00
237,209,1,Chăm sóc da mặt cơ bản,90,350000,1,120000,470000,2026-08-24 13:30:00
238,209,2,Làm sạch sâu da mặt,75,480000,0,0,480000,2026-08-24 13:30:00
239,210,9,Ủ dưỡng và chăm sóc cơ thể,75,580000,0,0,580000,2026-09-14 17:00:00
240,211,3,Cấp ẩm chuyên sâu da mặt,60,520000,0,150000,520000,2026-08-11 07:15:00
241,211,5,Massage tinh dầu,120,520000,2,200000,920000,2026-08-11 07:15:00
242,212,1,Chăm sóc da mặt cơ bản,90,350000,1,120000,470000,2026-09-15 09:00:00
243,213,7,"Trị liệu đầu, cổ và vai gáy",45,280000,0,0,280000,2026-09-13 05:45:00
244,214,6,Massage đá nóng,90,650000,0,0,650000,2026-05-26 06:00:00
245,215,1,Chăm sóc da mặt cơ bản,120,350000,2,120000,590000,2026-07-28 03:30:00
246,216,10,Chăm sóc và massage bàn chân,60,250000,1,80000,330000,2026-08-30 11:45:00
247,217,2,Làm sạch sâu da mặt,75,480000,0,0,480000,2026-09-15 12:00:00
248,218,2,Làm sạch sâu da mặt,75,480000,0,0,480000,2026-06-03 15:15:00
249,219,3,Cấp ẩm chuyên sâu da mặt,90,520000,1,150000,670000,2026-09-15 11:00:00
250,220,2,Làm sạch sâu da mặt,75,480000,0,0,480000,2026-06-08 04:45:00
251,221,5,Massage tinh dầu,90,520000,1,200000,720000,2026-06-13 06:45:00
252,221,4,Massage thư giãn toàn thân,120,450000,2,180000,810000,2026-06-13 06:45:00
253,222,2,Làm sạch sâu da mặt,75,480000,0,0,480000,2026-09-14 16:00:00
254,223,5,Massage tinh dầu,60,520000,0,200000,520000,2026-09-14 09:00:00
255,224,4,Massage thư giãn toàn thân,90,450000,1,180000,630000,2026-09-14 22:00:00
256,225,3,Cấp ẩm chuyên sâu da mặt,90,520000,1,150000,670000,2026-09-10 03:15:00
257,226,1,Chăm sóc da mặt cơ bản,90,350000,1,120000,470000,2026-09-14 11:00:00
258,227,6,Massage đá nóng,90,650000,0,0,650000,2026-09-15 04:00:00
259,228,1,Chăm sóc da mặt cơ bản,90,350000,1,120000,470000,2026-09-14 17:00:00
260,229,2,Làm sạch sâu da mặt,75,480000,0,0,480000,2026-06-01 11:00:00
261,230,1,Chăm sóc da mặt cơ bản,90,350000,1,120000,470000,2026-09-15 08:00:00
262,231,4,Massage thư giãn toàn thân,120,450000,2,180000,810000,2026-09-01 12:15:00
263,232,7,"Trị liệu đầu, cổ và vai gáy",45,280000,0,0,280000,2026-09-14 21:00:00
264,233,6,Massage đá nóng,90,650000,0,0,650000,2026-08-16 11:15:00
265,234,1,Chăm sóc da mặt cơ bản,60,350000,0,120000,350000,2026-09-01 05:00:00
266,234,3,Cấp ẩm chuyên sâu da mặt,120,520000,2,150000,820000,2026-09-01 05:00:00
267,235,6,Massage đá nóng,90,650000,0,0,650000,2026-09-13 09:45:00
268,236,6,Massage đá nóng,90,650000,0,0,650000,2026-06-09 05:00:00
269,237,7,"Trị liệu đầu, cổ và vai gáy",45,280000,0,0,280000,2026-06-26 07:30:00
270,238,11,Phục hồi da cao cấp,90,850000,0,0,850000,2026-09-07 13:15:00
271,239,2,Làm sạch sâu da mặt,75,480000,0,0,480000,2026-09-14 19:00:00
272,240,9,Ủ dưỡng và chăm sóc cơ thể,75,580000,0,0,580000,2026-09-14 15:00:00
273,241,3,Cấp ẩm chuyên sâu da mặt,90,520000,1,150000,670000,2026-09-15 09:00:00
274,241,7,"Trị liệu đầu, cổ và vai gáy",45,280000,0,0,280000,2026-09-15 09:00:00
275,242,4,Massage thư giãn toàn thân,90,450000,1,180000,630000,2026-09-15 05:00:00
276,243,9,Ủ dưỡng và chăm sóc cơ thể,75,580000,0,0,580000,2026-09-07 11:30:00
277,244,4,Massage thư giãn toàn thân,90,450000,1,180000,630000,2026-09-06 11:30:00
278,245,8,Tẩy tế bào chết toàn thân,60,420000,0,0,420000,2026-09-14 05:30:00
279,245,2,Làm sạch sâu da mặt,75,480000,0,0,480000,2026-09-14 05:30:00
280,246,2,Làm sạch sâu da mặt,75,480000,0,0,480000,2026-09-10 05:15:00
281,247,4,Massage thư giãn toàn thân,90,450000,1,180000,630000,2026-09-14 15:00:00
282,248,4,Massage thư giãn toàn thân,90,450000,1,180000,630000,2026-09-15 07:00:00
283,249,1,Chăm sóc da mặt cơ bản,90,350000,1,120000,470000,2026-06-03 16:00:00
284,250,9,Ủ dưỡng và chăm sóc cơ thể,75,580000,0,0,580000,2026-09-15 03:00:00
285,251,9,Ủ dưỡng và chăm sóc cơ thể,75,580000,0,0,580000,2026-09-14 21:00:00
286,251,4,Massage thư giãn toàn thân,120,450000,2,180000,810000,2026-09-14 21:00:00
287,252,8,Tẩy tế bào chết toàn thân,60,420000,0,0,420000,2026-09-15 04:00:00
288,252,6,Massage đá nóng,90,650000,0,0,650000,2026-09-15 04:00:00
289,253,5,Massage tinh dầu,120,520000,2,200000,920000,2026-06-01 14:15:00
290,254,2,Làm sạch sâu da mặt,75,480000,0,0,480000,2026-09-14 23:00:00
291,255,10,Chăm sóc và massage bàn chân,60,250000,1,80000,330000,2026-08-04 09:45:00
292,256,4,Massage thư giãn toàn thân,60,450000,0,180000,450000,2026-07-20 07:15:00
293,257,4,Massage thư giãn toàn thân,90,450000,1,180000,630000,2026-09-14 20:00:00
294,257,5,Massage tinh dầu,60,520000,0,200000,520000,2026-09-14 20:00:00
295,258,8,Tẩy tế bào chết toàn thân,60,420000,0,0,420000,2026-09-15 03:00:00
296,259,11,Phục hồi da cao cấp,90,850000,0,0,850000,2026-08-27 05:30:00
297,260,5,Massage tinh dầu,90,520000,1,200000,720000,2026-09-11 08:00:00
298,261,9,Ủ dưỡng và chăm sóc cơ thể,75,580000,0,0,580000,2026-06-08 10:00:00
299,262,1,Chăm sóc da mặt cơ bản,90,350000,1,120000,470000,2026-08-10 09:15:00
300,263,2,Làm sạch sâu da mặt,75,480000,0,0,480000,2026-09-09 07:45:00
301,264,5,Massage tinh dầu,60,520000,0,200000,520000,2026-07-27 14:45:00
302,265,11,Phục hồi da cao cấp,90,850000,0,0,850000,2026-06-02 10:45:00
303,266,11,Phục hồi da cao cấp,90,850000,0,0,850000,2026-09-15 09:00:00
304,267,8,Tẩy tế bào chết toàn thân,60,420000,0,0,420000,2026-09-15 11:00:00
305,268,11,Phục hồi da cao cấp,90,850000,0,0,850000,2026-07-16 10:00:00
306,269,4,Massage thư giãn toàn thân,90,450000,1,180000,630000,2026-09-14 19:00:00
307,270,10,Chăm sóc và massage bàn chân,75,250000,2,80000,410000,2026-09-14 19:00:00
308,271,6,Massage đá nóng,90,650000,0,0,650000,2026-07-24 08:30:00
309,272,1,Chăm sóc da mặt cơ bản,90,350000,1,120000,470000,2026-08-25 07:45:00
310,273,1,Chăm sóc da mặt cơ bản,60,350000,0,120000,350000,2026-08-04 13:30:00
311,274,5,Massage tinh dầu,90,520000,1,200000,720000,2026-07-31 12:15:00
312,275,1,Chăm sóc da mặt cơ bản,60,350000,0,120000,350000,2026-09-14 10:00:00
313,276,4,Massage thư giãn toàn thân,90,450000,1,180000,630000,2026-09-13 12:45:00
314,276,6,Massage đá nóng,90,650000,0,0,650000,2026-09-13 12:45:00
315,277,2,Làm sạch sâu da mặt,75,480000,0,0,480000,2026-09-14 15:00:00
316,278,1,Chăm sóc da mặt cơ bản,90,350000,1,120000,470000,2026-08-02 08:30:00
317,279,7,"Trị liệu đầu, cổ và vai gáy",45,280000,0,0,280000,2026-08-31 17:00:00
318,280,2,Làm sạch sâu da mặt,75,480000,0,0,480000,2026-06-10 07:30:00
319,281,2,Làm sạch sâu da mặt,75,480000,0,0,480000,2026-08-14 08:30:00
320,282,6,Massage đá nóng,90,650000,0,0,650000,2026-09-15 00:00:00
321,283,6,Massage đá nóng,90,650000,0,0,650000,2026-08-25 10:00:00
322,284,3,Cấp ẩm chuyên sâu da mặt,60,520000,0,150000,520000,2026-06-25 08:00:00
323,285,5,Massage tinh dầu,120,520000,2,200000,920000,2026-06-14 12:45:00
324,286,3,Cấp ẩm chuyên sâu da mặt,90,520000,1,150000,670000,2026-08-13 08:15:00
325,286,11,Phục hồi da cao cấp,90,850000,0,0,850000,2026-08-13 08:15:00
326,287,7,"Trị liệu đầu, cổ và vai gáy",45,280000,0,0,280000,2026-08-03 14:45:00
327,288,2,Làm sạch sâu da mặt,75,480000,0,0,480000,2026-09-15 07:00:00
328,288,4,Massage thư giãn toàn thân,90,450000,1,180000,630000,2026-09-15 07:00:00
329,289,3,Cấp ẩm chuyên sâu da mặt,60,468000,0,135000,468000,2026-07-12 06:30:00
330,290,8,Tẩy tế bào chết toàn thân,60,420000,0,0,420000,2026-07-24 05:00:00
331,290,5,Massage tinh dầu,90,520000,1,200000,720000,2026-07-24 05:00:00
332,291,10,Chăm sóc và massage bàn chân,60,250000,1,80000,330000,2026-09-09 12:00:00
333,291,4,Massage thư giãn toàn thân,120,450000,2,180000,810000,2026-09-09 12:00:00
334,292,1,Chăm sóc da mặt cơ bản,60,350000,0,120000,350000,2026-09-14 19:00:00
335,293,6,Massage đá nóng,90,650000,0,0,650000,2026-09-15 08:00:00
336,294,3,Cấp ẩm chuyên sâu da mặt,60,520000,0,150000,520000,2026-06-22 14:45:00
337,295,4,Massage thư giãn toàn thân,90,450000,1,180000,630000,2026-06-14 09:15:00
338,296,2,Làm sạch sâu da mặt,75,480000,0,0,480000,2026-05-27 07:00:00
339,297,4,Massage thư giãn toàn thân,90,450000,1,180000,630000,2026-09-15 03:00:00
340,298,2,Làm sạch sâu da mặt,75,480000,0,0,480000,2026-09-14 11:00:00
341,299,11,Phục hồi da cao cấp,90,850000,0,0,850000,2026-09-14 15:00:00
342,300,5,Massage tinh dầu,90,520000,1,200000,720000,2026-09-14 18:00:00
343,301,7,"Trị liệu đầu, cổ và vai gáy",45,280000,0,0,280000,2026-07-24 09:15:00
344,302,2,Làm sạch sâu da mặt,75,480000,0,0,480000,2026-09-14 14:00:00
345,303,7,"Trị liệu đầu, cổ và vai gáy",45,280000,0,0,280000,2026-09-14 21:00:00
346,304,2,Làm sạch sâu da mặt,75,480000,0,0,480000,2026-05-21 07:30:00
347,305,1,Chăm sóc da mặt cơ bản,90,350000,1,120000,470000,2026-09-10 09:45:00
348,306,1,Chăm sóc da mặt cơ bản,90,350000,1,120000,470000,2026-06-13 06:30:00
349,307,2,Làm sạch sâu da mặt,75,480000,0,0,480000,2026-09-07 10:00:00
350,308,10,Chăm sóc và massage bàn chân,75,250000,2,80000,410000,2026-07-05 06:30:00
351,309,3,Cấp ẩm chuyên sâu da mặt,90,520000,1,150000,670000,2026-09-14 20:00:00
352,310,6,Massage đá nóng,90,650000,0,0,650000,2026-09-15 12:00:00
353,311,1,Chăm sóc da mặt cơ bản,90,350000,1,120000,470000,2026-09-15 00:00:00
354,312,4,Massage thư giãn toàn thân,120,450000,2,180000,810000,2026-09-15 06:00:00
355,312,8,Tẩy tế bào chết toàn thân,60,420000,0,0,420000,2026-09-15 06:00:00
356,313,3,Cấp ẩm chuyên sâu da mặt,60,520000,0,150000,520000,2026-09-15 09:00:00
357,314,4,Massage thư giãn toàn thân,90,450000,1,180000,630000,2026-09-15 11:00:00
358,315,10,Chăm sóc và massage bàn chân,60,250000,1,80000,330000,2026-09-15 08:00:00
359,316,1,Chăm sóc da mặt cơ bản,90,350000,1,120000,470000,2026-05-27 03:30:00
360,317,10,Chăm sóc và massage bàn chân,60,250000,1,80000,330000,2026-05-29 15:00:00
361,318,5,Massage tinh dầu,90,520000,1,200000,720000,2026-09-01 10:45:00
362,319,10,Chăm sóc và massage bàn chân,60,250000,1,80000,330000,2026-09-14 16:00:00
363,319,1,Chăm sóc da mặt cơ bản,90,350000,1,120000,470000,2026-09-14 16:00:00
364,320,6,Massage đá nóng,90,650000,0,0,650000,2026-09-14 15:00:00
365,321,4,Massage thư giãn toàn thân,60,450000,0,180000,450000,2026-09-15 09:00:00
366,322,4,Massage thư giãn toàn thân,60,450000,0,180000,450000,2026-09-14 18:00:00
367,323,2,Làm sạch sâu da mặt,75,480000,0,0,480000,2026-09-04 11:15:00
368,324,7,"Trị liệu đầu, cổ và vai gáy",45,280000,0,0,280000,2026-07-16 10:30:00
369,324,6,Massage đá nóng,90,650000,0,0,650000,2026-07-16 10:30:00
370,325,2,Làm sạch sâu da mặt,75,480000,0,0,480000,2026-08-05 13:15:00
371,326,10,Chăm sóc và massage bàn chân,60,250000,1,80000,330000,2026-07-02 11:45:00
372,327,1,Chăm sóc da mặt cơ bản,60,350000,0,120000,350000,2026-09-15 05:00:00
373,328,2,Làm sạch sâu da mặt,75,480000,0,0,480000,2026-08-07 13:45:00
374,329,6,Massage đá nóng,90,650000,0,0,650000,2026-09-15 00:00:00
375,330,6,Massage đá nóng,90,650000,0,0,650000,2026-09-15 04:00:00
376,331,2,Làm sạch sâu da mặt,75,480000,0,0,480000,2026-05-30 11:15:00
377,332,1,Chăm sóc da mặt cơ bản,90,350000,1,120000,470000,2026-05-23 09:15:00
378,333,6,Massage đá nóng,90,650000,0,0,650000,2026-09-07 09:45:00
379,334,2,Làm sạch sâu da mặt,75,480000,0,0,480000,2026-09-14 08:30:00
380,334,6,Massage đá nóng,90,650000,0,0,650000,2026-09-14 08:30:00
381,335,1,Chăm sóc da mặt cơ bản,60,350000,0,120000,350000,2026-09-01 13:30:00
382,336,11,Phục hồi da cao cấp,90,850000,0,0,850000,2026-06-11 10:45:00
383,337,5,Massage tinh dầu,120,520000,2,200000,920000,2026-08-26 08:15:00
384,338,1,Chăm sóc da mặt cơ bản,90,350000,1,120000,470000,2026-08-28 07:45:00
385,338,3,Cấp ẩm chuyên sâu da mặt,90,520000,1,150000,670000,2026-08-28 07:45:00
386,339,11,Phục hồi da cao cấp,90,850000,0,0,850000,2026-09-15 10:00:00
387,340,10,Chăm sóc và massage bàn chân,45,250000,0,80000,250000,2026-09-14 13:00:00
388,341,6,Massage đá nóng,90,650000,0,0,650000,2026-06-28 15:15:00
389,341,1,Chăm sóc da mặt cơ bản,90,350000,1,120000,470000,2026-06-28 15:15:00
390,342,5,Massage tinh dầu,120,520000,2,200000,920000,2026-07-30 09:45:00
391,343,2,Làm sạch sâu da mặt,75,480000,0,0,480000,2026-05-26 10:45:00
392,344,2,Làm sạch sâu da mặt,75,480000,0,0,480000,2026-07-25 09:45:00
393,345,4,Massage thư giãn toàn thân,90,450000,1,180000,630000,2026-09-14 14:00:00
394,346,1,Chăm sóc da mặt cơ bản,60,350000,0,120000,350000,2026-08-08 09:45:00
395,346,4,Massage thư giãn toàn thân,90,450000,1,180000,630000,2026-08-08 09:45:00
396,347,4,Massage thư giãn toàn thân,90,450000,1,180000,630000,2026-08-03 08:00:00
397,348,11,Phục hồi da cao cấp,90,850000,0,0,850000,2026-09-15 11:00:00
398,349,5,Massage tinh dầu,120,520000,2,200000,920000,2026-07-10 11:30:00
399,350,7,"Trị liệu đầu, cổ và vai gáy",45,280000,0,0,280000,2026-08-25 09:45:00
400,351,5,Massage tinh dầu,90,520000,1,200000,720000,2026-06-02 07:15:00
401,352,4,Massage thư giãn toàn thân,90,450000,1,180000,630000,2026-09-14 23:00:00
402,353,4,Massage thư giãn toàn thân,90,450000,1,180000,630000,2026-06-11 07:15:00
403,354,9,Ủ dưỡng và chăm sóc cơ thể,75,580000,0,0,580000,2026-09-15 05:00:00
404,355,3,Cấp ẩm chuyên sâu da mặt,90,520000,1,150000,670000,2026-05-30 08:15:00
405,356,5,Massage tinh dầu,120,520000,2,200000,920000,2026-09-15 05:00:00
406,357,1,Chăm sóc da mặt cơ bản,120,350000,2,120000,590000,2026-07-22 08:30:00
407,358,1,Chăm sóc da mặt cơ bản,120,350000,2,120000,590000,2026-07-31 09:15:00
408,359,6,Massage đá nóng,90,650000,0,0,650000,2026-07-03 09:15:00
409,360,3,Cấp ẩm chuyên sâu da mặt,90,520000,1,150000,670000,2026-06-20 10:15:00
410,361,4,Massage thư giãn toàn thân,90,450000,1,180000,630000,2026-06-28 10:15:00
411,362,3,Cấp ẩm chuyên sâu da mặt,60,520000,0,150000,520000,2026-09-14 10:00:00
412,363,3,Cấp ẩm chuyên sâu da mặt,120,520000,2,150000,820000,2026-07-03 11:45:00
413,364,9,Ủ dưỡng và chăm sóc cơ thể,75,580000,0,0,580000,2026-07-19 03:45:00
414,365,7,"Trị liệu đầu, cổ và vai gáy",45,280000,0,0,280000,2026-07-01 05:45:00
415,366,10,Chăm sóc và massage bàn chân,60,250000,1,80000,330000,2026-08-17 06:30:00
416,367,4,Massage thư giãn toàn thân,90,450000,1,180000,630000,2026-09-15 09:00:00
417,368,2,Làm sạch sâu da mặt,75,480000,0,0,480000,2026-09-15 11:00:00
418,369,1,Chăm sóc da mặt cơ bản,90,350000,1,120000,470000,2026-06-12 11:30:00
419,370,5,Massage tinh dầu,90,520000,1,200000,720000,2026-05-30 06:30:00
420,371,4,Massage thư giãn toàn thân,60,450000,0,180000,450000,2026-09-15 04:00:00
421,372,7,"Trị liệu đầu, cổ và vai gáy",45,280000,0,0,280000,2026-09-15 05:00:00
422,373,4,Massage thư giãn toàn thân,90,450000,1,180000,630000,2026-08-15 13:45:00
423,374,5,Massage tinh dầu,60,520000,0,200000,520000,2026-09-14 16:00:00
424,375,11,Phục hồi da cao cấp,90,850000,0,0,850000,2026-09-14 12:00:00
425,376,1,Chăm sóc da mặt cơ bản,120,350000,2,120000,590000,2026-06-19 02:45:00
426,377,7,"Trị liệu đầu, cổ và vai gáy",45,280000,0,0,280000,2026-09-15 13:00:00
427,378,1,Chăm sóc da mặt cơ bản,90,350000,1,120000,470000,2026-07-26 07:45:00
428,379,1,Chăm sóc da mặt cơ bản,60,350000,0,120000,350000,2026-09-14 12:00:00
429,380,5,Massage tinh dầu,90,520000,1,200000,720000,2026-07-24 13:00:00
430,381,7,"Trị liệu đầu, cổ và vai gáy",45,280000,0,0,280000,2026-09-04 06:45:00
431,381,4,Massage thư giãn toàn thân,120,450000,2,180000,810000,2026-09-04 06:45:00
432,382,6,Massage đá nóng,90,650000,0,0,650000,2026-09-14 18:00:00
433,383,3,Cấp ẩm chuyên sâu da mặt,90,520000,1,150000,670000,2026-09-15 08:00:00
434,384,2,Làm sạch sâu da mặt,75,480000,0,0,480000,2026-05-20 10:45:00
435,385,1,Chăm sóc da mặt cơ bản,60,350000,0,120000,350000,2026-06-22 08:45:00
436,386,10,Chăm sóc và massage bàn chân,75,250000,2,80000,410000,2026-09-03 09:15:00
437,386,5,Massage tinh dầu,60,520000,0,200000,520000,2026-09-03 09:15:00
438,387,4,Massage thư giãn toàn thân,90,450000,1,180000,630000,2026-09-14 13:00:00
439,388,11,Phục hồi da cao cấp,90,850000,0,0,850000,2026-09-15 01:00:00
440,389,3,Cấp ẩm chuyên sâu da mặt,90,520000,1,150000,670000,2026-09-15 02:00:00
441,390,11,Phục hồi da cao cấp,90,850000,0,0,850000,2026-09-14 18:00:00
442,391,3,Cấp ẩm chuyên sâu da mặt,90,520000,1,150000,670000,2026-06-12 13:15:00
443,392,10,Chăm sóc và massage bàn chân,60,250000,1,80000,330000,2026-08-11 05:15:00
444,392,4,Massage thư giãn toàn thân,60,450000,0,180000,450000,2026-08-11 05:15:00
445,393,2,Làm sạch sâu da mặt,75,480000,0,0,480000,2026-09-15 08:00:00
446,394,9,Ủ dưỡng và chăm sóc cơ thể,75,580000,0,0,580000,2026-09-07 09:30:00
447,395,6,Massage đá nóng,90,650000,0,0,650000,2026-09-15 02:00:00
448,396,8,Tẩy tế bào chết toàn thân,60,420000,0,0,420000,2026-09-15 03:00:00
449,397,2,Làm sạch sâu da mặt,75,480000,0,0,480000,2026-07-23 05:30:00
450,398,2,Làm sạch sâu da mặt,75,480000,0,0,480000,2026-07-16 09:45:00
451,399,2,Làm sạch sâu da mặt,75,480000,0,0,480000,2026-05-29 14:00:00
452,400,5,Massage tinh dầu,90,520000,1,200000,720000,2026-09-15 06:00:00
453,401,3,Cấp ẩm chuyên sâu da mặt,120,520000,2,150000,820000,2026-09-15 08:00:00
454,401,1,Chăm sóc da mặt cơ bản,90,350000,1,120000,470000,2026-09-15 08:00:00
455,402,2,Làm sạch sâu da mặt,75,480000,0,0,480000,2026-06-27 10:45:00
456,403,7,"Trị liệu đầu, cổ và vai gáy",45,280000,0,0,280000,2026-09-01 11:45:00
457,404,9,Ủ dưỡng và chăm sóc cơ thể,75,580000,0,0,580000,2026-09-14 21:00:00
458,405,4,Massage thư giãn toàn thân,120,450000,2,180000,810000,2026-08-26 11:00:00
459,406,2,Làm sạch sâu da mặt,75,480000,0,0,480000,2026-06-24 10:45:00
460,407,1,Chăm sóc da mặt cơ bản,90,350000,1,120000,470000,2026-08-31 09:45:00
461,408,3,Cấp ẩm chuyên sâu da mặt,90,520000,1,150000,670000,2026-09-14 11:00:00
462,409,4,Massage thư giãn toàn thân,120,450000,2,180000,810000,2026-09-08 11:15:00
463,410,6,Massage đá nóng,90,650000,0,0,650000,2026-07-28 07:15:00
464,411,2,Làm sạch sâu da mặt,75,480000,0,0,480000,2026-06-22 05:30:00
465,412,8,Tẩy tế bào chết toàn thân,60,420000,0,0,420000,2026-05-23 11:45:00
466,413,4,Massage thư giãn toàn thân,60,450000,0,180000,450000,2026-05-17 09:15:00
467,414,5,Massage tinh dầu,90,520000,1,200000,720000,2026-09-14 14:15:00
468,415,8,Tẩy tế bào chết toàn thân,60,420000,0,0,420000,2026-09-05 07:15:00
469,416,1,Chăm sóc da mặt cơ bản,90,350000,1,120000,470000,2026-09-14 23:00:00
470,417,9,Ủ dưỡng và chăm sóc cơ thể,75,580000,0,0,580000,2026-05-28 09:30:00
471,418,3,Cấp ẩm chuyên sâu da mặt,90,520000,1,150000,670000,2026-09-15 08:00:00
472,419,10,Chăm sóc và massage bàn chân,60,250000,1,80000,330000,2026-09-14 21:00:00
473,420,9,Ủ dưỡng và chăm sóc cơ thể,75,580000,0,0,580000,2026-09-14 20:00:00
474,421,1,Chăm sóc da mặt cơ bản,90,350000,1,120000,470000,2026-09-14 18:00:00
475,421,10,Chăm sóc và massage bàn chân,45,250000,0,80000,250000,2026-09-14 18:00:00
476,422,6,Massage đá nóng,90,650000,0,0,650000,2026-09-14 21:00:00
477,422,3,Cấp ẩm chuyên sâu da mặt,90,520000,1,150000,670000,2026-09-14 21:00:00
478,423,1,Chăm sóc da mặt cơ bản,60,350000,0,120000,350000,2026-09-15 09:00:00
479,424,5,Massage tinh dầu,120,520000,2,200000,920000,2026-05-23 06:30:00
480,425,2,Làm sạch sâu da mặt,75,480000,0,0,480000,2026-07-13 11:00:00
481,426,4,Massage thư giãn toàn thân,90,450000,1,180000,630000,2026-09-14 16:00:00
482,427,3,Cấp ẩm chuyên sâu da mặt,90,520000,1,150000,670000,2026-07-23 05:00:00
483,428,4,Massage thư giãn toàn thân,120,450000,2,180000,810000,2026-09-15 05:00:00
484,429,10,Chăm sóc và massage bàn chân,60,250000,1,80000,330000,2026-08-17 13:45:00
485,430,7,"Trị liệu đầu, cổ và vai gáy",45,280000,0,0,280000,2026-06-29 15:15:00
486,431,11,Phục hồi da cao cấp,90,850000,0,0,850000,2026-06-30 12:15:00
487,432,8,Tẩy tế bào chết toàn thân,60,420000,0,0,420000,2026-06-30 05:45:00
488,433,5,Massage tinh dầu,60,520000,0,200000,520000,2026-08-22 12:30:00
489,434,1,Chăm sóc da mặt cơ bản,60,350000,0,120000,350000,2026-09-15 00:00:00
490,435,2,Làm sạch sâu da mặt,75,480000,0,0,480000,2026-06-04 10:00:00
491,436,1,Chăm sóc da mặt cơ bản,90,350000,1,120000,470000,2026-09-15 08:00:00
492,436,10,Chăm sóc và massage bàn chân,45,250000,0,80000,250000,2026-09-15 08:00:00
493,437,4,Massage thư giãn toàn thân,60,450000,0,180000,450000,2026-05-27 15:45:00
494,438,5,Massage tinh dầu,90,520000,1,200000,720000,2026-07-09 04:15:00
495,439,1,Chăm sóc da mặt cơ bản,90,350000,1,120000,470000,2026-08-22 14:30:00
496,439,2,Làm sạch sâu da mặt,75,480000,0,0,480000,2026-08-22 14:30:00
497,440,6,Massage đá nóng,90,650000,0,0,650000,2026-07-11 05:45:00
498,441,2,Làm sạch sâu da mặt,75,480000,0,0,480000,2026-05-26 14:00:00
499,442,8,Tẩy tế bào chết toàn thân,60,420000,0,0,420000,2026-09-14 19:00:00
500,442,2,Làm sạch sâu da mặt,75,480000,0,0,480000,2026-09-14 19:00:00
501,443,2,Làm sạch sâu da mặt,75,480000,0,0,480000,2026-09-14 09:00:00
502,444,1,Chăm sóc da mặt cơ bản,60,350000,0,120000,350000,2026-09-15 10:00:00
503,445,6,Massage đá nóng,90,650000,0,0,650000,2026-07-22 07:30:00
504,446,1,Chăm sóc da mặt cơ bản,120,350000,2,120000,590000,2026-09-14 16:00:00
505,447,4,Massage thư giãn toàn thân,60,450000,0,180000,450000,2026-07-26 05:15:00
506,448,8,Tẩy tế bào chết toàn thân,60,420000,0,0,420000,2026-08-22 08:15:00
507,449,4,Massage thư giãn toàn thân,60,450000,0,180000,450000,2026-06-07 10:15:00
508,450,6,Massage đá nóng,90,650000,0,0,650000,2026-09-15 12:00:00
509,451,6,Massage đá nóng,90,650000,0,0,650000,2026-09-09 11:45:00
510,452,7,"Trị liệu đầu, cổ và vai gáy",45,280000,0,0,280000,2026-05-21 14:30:00
511,453,7,"Trị liệu đầu, cổ và vai gáy",45,280000,0,0,280000,2026-09-15 00:00:00
512,454,11,Phục hồi da cao cấp,90,850000,0,0,850000,2026-09-15 12:00:00
513,454,3,Cấp ẩm chuyên sâu da mặt,60,520000,0,150000,520000,2026-09-15 12:00:00
514,455,1,Chăm sóc da mặt cơ bản,120,350000,2,120000,590000,2026-09-15 11:00:00
515,456,2,Làm sạch sâu da mặt,75,480000,0,0,480000,2026-05-26 12:15:00
516,457,6,Massage đá nóng,90,650000,0,0,650000,2026-09-14 22:00:00
517,458,4,Massage thư giãn toàn thân,120,450000,2,180000,810000,2026-09-15 08:00:00
518,459,1,Chăm sóc da mặt cơ bản,120,350000,2,120000,590000,2026-09-14 13:00:00
519,460,7,"Trị liệu đầu, cổ và vai gáy",45,280000,0,0,280000,2026-09-01 05:30:00
520,461,6,Massage đá nóng,90,650000,0,0,650000,2026-06-07 08:15:00
521,462,1,Chăm sóc da mặt cơ bản,120,350000,2,120000,590000,2026-09-01 11:15:00
522,463,3,Cấp ẩm chuyên sâu da mặt,90,520000,1,150000,670000,2026-08-23 10:15:00
523,464,8,Tẩy tế bào chết toàn thân,60,420000,0,0,420000,2026-09-15 11:00:00
524,465,2,Làm sạch sâu da mặt,75,480000,0,0,480000,2026-09-15 07:00:00
525,466,6,Massage đá nóng,90,650000,0,0,650000,2026-09-14 21:00:00
526,467,9,Ủ dưỡng và chăm sóc cơ thể,75,580000,0,0,580000,2026-09-14 21:00:00
527,468,1,Chăm sóc da mặt cơ bản,120,350000,2,120000,590000,2026-06-15 11:45:00
528,469,2,Làm sạch sâu da mặt,75,480000,0,0,480000,2026-07-25 06:45:00
529,469,4,Massage thư giãn toàn thân,90,450000,1,180000,630000,2026-07-25 06:45:00
530,470,6,Massage đá nóng,90,650000,0,0,650000,2026-07-14 11:00:00
531,471,2,Làm sạch sâu da mặt,75,480000,0,0,480000,2026-06-04 08:15:00
532,471,1,Chăm sóc da mặt cơ bản,90,350000,1,120000,470000,2026-06-04 08:15:00
533,472,11,Phục hồi da cao cấp,90,850000,0,0,850000,2026-08-18 09:30:00
534,473,1,Chăm sóc da mặt cơ bản,90,350000,1,120000,470000,2026-07-31 11:00:00
535,474,11,Phục hồi da cao cấp,90,850000,0,0,850000,2026-09-11 07:15:00
536,474,6,Massage đá nóng,90,650000,0,0,650000,2026-09-11 07:15:00
537,475,2,Làm sạch sâu da mặt,75,480000,0,0,480000,2026-09-14 09:00:00
538,476,6,Massage đá nóng,90,650000,0,0,650000,2026-06-03 11:15:00
539,477,9,Ủ dưỡng và chăm sóc cơ thể,75,580000,0,0,580000,2026-07-19 08:00:00
540,478,8,Tẩy tế bào chết toàn thân,60,420000,0,0,420000,2026-08-04 13:15:00
541,479,6,Massage đá nóng,90,650000,0,0,650000,2026-06-28 07:15:00
542,480,1,Chăm sóc da mặt cơ bản,120,350000,2,120000,590000,2026-09-11 12:15:00
543,481,7,"Trị liệu đầu, cổ và vai gáy",45,280000,0,0,280000,2026-05-23 09:15:00
544,482,7,"Trị liệu đầu, cổ và vai gáy",45,280000,0,0,280000,2026-09-14 12:00:00
545,483,2,Làm sạch sâu da mặt,75,480000,0,0,480000,2026-09-14 09:00:00
546,484,11,Phục hồi da cao cấp,90,850000,0,0,850000,2026-05-20 13:00:00
547,484,3,Cấp ẩm chuyên sâu da mặt,120,520000,2,150000,820000,2026-05-20 13:00:00
548,485,2,Làm sạch sâu da mặt,75,480000,0,0,480000,2026-09-15 11:00:00
549,486,11,Phục hồi da cao cấp,90,850000,0,0,850000,2026-07-14 07:15:00
550,487,4,Massage thư giãn toàn thân,90,450000,1,180000,630000,2026-09-15 13:30:00
551,488,6,Massage đá nóng,90,650000,0,0,650000,2026-05-24 06:30:00
552,489,5,Massage tinh dầu,90,520000,1,200000,720000,2026-09-03 04:00:00
553,490,1,Chăm sóc da mặt cơ bản,60,350000,0,120000,350000,2026-09-14 13:00:00
554,490,4,Massage thư giãn toàn thân,120,450000,2,180000,810000,2026-09-14 13:00:00
555,491,1,Chăm sóc da mặt cơ bản,90,350000,1,120000,470000,2026-06-13 10:15:00
556,491,6,Massage đá nóng,90,650000,0,0,650000,2026-06-13 10:15:00
557,492,10,Chăm sóc và massage bàn chân,60,250000,1,80000,330000,2026-06-02 15:45:00
558,493,11,Phục hồi da cao cấp,90,850000,0,0,850000,2026-09-15 12:00:00
559,494,7,"Trị liệu đầu, cổ và vai gáy",45,252000,0,0,252000,2026-07-19 08:30:00
560,495,1,Chăm sóc da mặt cơ bản,120,350000,2,120000,590000,2026-08-20 10:45:00
561,496,3,Cấp ẩm chuyên sâu da mặt,120,520000,2,150000,820000,2026-07-13 06:45:00
562,496,1,Chăm sóc da mặt cơ bản,90,350000,1,120000,470000,2026-07-13 06:45:00
563,497,10,Chăm sóc và massage bàn chân,60,250000,1,80000,330000,2026-09-15 03:00:00
564,498,6,Massage đá nóng,90,650000,0,0,650000,2026-09-09 08:00:00
565,499,1,Chăm sóc da mặt cơ bản,90,350000,1,120000,470000,2026-09-11 09:15:00
566,500,2,Làm sạch sâu da mặt,75,480000,0,0,480000,2026-06-17 11:45:00
567,501,5,Massage tinh dầu,90,520000,1,200000,720000,2026-09-05 10:30:00
568,502,3,Cấp ẩm chuyên sâu da mặt,120,520000,2,150000,820000,2026-05-18 10:45:00
569,502,2,Làm sạch sâu da mặt,75,480000,0,0,480000,2026-05-18 10:45:00
570,503,7,"Trị liệu đầu, cổ và vai gáy",45,280000,0,0,280000,2026-08-15 14:15:00
571,504,2,Làm sạch sâu da mặt,75,480000,0,0,480000,2026-06-01 14:45:00
572,505,1,Chăm sóc da mặt cơ bản,90,350000,1,120000,470000,2026-09-14 21:00:00
573,506,4,Massage thư giãn toàn thân,90,450000,1,180000,630000,2026-09-14 16:00:00
574,507,3,Cấp ẩm chuyên sâu da mặt,120,520000,2,150000,820000,2026-08-27 12:30:00
575,508,2,Làm sạch sâu da mặt,75,480000,0,0,480000,2026-06-28 08:15:00
576,509,8,Tẩy tế bào chết toàn thân,60,420000,0,0,420000,2026-09-14 13:00:00
577,509,4,Massage thư giãn toàn thân,60,450000,0,180000,450000,2026-09-14 13:00:00
578,510,7,"Trị liệu đầu, cổ và vai gáy",45,280000,0,0,280000,2026-07-13 12:30:00
579,511,2,Làm sạch sâu da mặt,75,480000,0,0,480000,2026-09-13 13:45:00
580,512,11,Phục hồi da cao cấp,90,850000,0,0,850000,2026-06-15 11:15:00
581,513,10,Chăm sóc và massage bàn chân,60,250000,1,80000,330000,2026-08-03 14:15:00
582,513,7,"Trị liệu đầu, cổ và vai gáy",45,280000,0,0,280000,2026-08-03 14:15:00
583,514,11,Phục hồi da cao cấp,90,850000,0,0,850000,2026-08-27 03:00:00
584,515,4,Massage thư giãn toàn thân,60,450000,0,180000,450000,2026-08-17 11:00:00
585,516,7,"Trị liệu đầu, cổ và vai gáy",45,280000,0,0,280000,2026-06-23 10:15:00
586,517,2,Làm sạch sâu da mặt,75,480000,0,0,480000,2026-09-05 15:30:00
587,518,4,Massage thư giãn toàn thân,90,450000,1,180000,630000,2026-06-23 09:00:00
588,518,1,Chăm sóc da mặt cơ bản,90,350000,1,120000,470000,2026-06-23 09:00:00
589,519,6,Massage đá nóng,90,650000,0,0,650000,2026-07-21 09:30:00
590,520,6,Massage đá nóng,90,650000,0,0,650000,2026-09-10 13:15:00
591,520,2,Làm sạch sâu da mặt,75,480000,0,0,480000,2026-09-10 13:15:00
592,521,11,Phục hồi da cao cấp,90,850000,0,0,850000,2026-07-28 14:45:00
593,522,3,Cấp ẩm chuyên sâu da mặt,120,520000,2,150000,820000,2026-09-15 00:00:00
594,522,2,Làm sạch sâu da mặt,75,480000,0,0,480000,2026-09-15 00:00:00
595,523,6,Massage đá nóng,90,650000,0,0,650000,2026-09-15 11:00:00
596,524,6,Massage đá nóng,90,650000,0,0,650000,2026-09-12 10:15:00
597,525,11,Phục hồi da cao cấp,90,850000,0,0,850000,2026-08-15 10:15:00
598,526,2,Làm sạch sâu da mặt,75,480000,0,0,480000,2026-05-30 13:30:00
599,527,3,Cấp ẩm chuyên sâu da mặt,60,520000,0,150000,520000,2026-08-21 09:45:00
600,528,4,Massage thư giãn toàn thân,90,450000,1,180000,630000,2026-06-20 13:30:00
601,529,8,Tẩy tế bào chết toàn thân,60,420000,0,0,420000,2026-05-17 15:45:00
602,530,7,"Trị liệu đầu, cổ và vai gáy",45,280000,0,0,280000,2026-09-14 17:00:00
603,530,8,Tẩy tế bào chết toàn thân,60,420000,0,0,420000,2026-09-14 17:00:00
604,531,6,Massage đá nóng,90,650000,0,0,650000,2026-09-15 10:00:00
605,531,7,"Trị liệu đầu, cổ và vai gáy",45,280000,0,0,280000,2026-09-15 10:00:00
606,532,6,Massage đá nóng,90,650000,0,0,650000,2026-09-15 08:00:00
607,532,5,Massage tinh dầu,90,520000,1,200000,720000,2026-09-15 08:00:00
608,533,4,Massage thư giãn toàn thân,120,450000,2,180000,810000,2026-08-31 03:15:00
609,534,8,Tẩy tế bào chết toàn thân,60,420000,0,0,420000,2026-07-27 11:15:00
610,535,7,"Trị liệu đầu, cổ và vai gáy",45,280000,0,0,280000,2026-09-15 08:00:00
611,536,3,Cấp ẩm chuyên sâu da mặt,90,520000,1,150000,670000,2026-06-05 08:45:00
612,536,2,Làm sạch sâu da mặt,75,480000,0,0,480000,2026-06-05 08:45:00
613,537,6,Massage đá nóng,90,650000,0,0,650000,2026-08-09 11:30:00
614,538,6,Massage đá nóng,90,650000,0,0,650000,2026-08-18 11:45:00
615,539,1,Chăm sóc da mặt cơ bản,90,350000,1,120000,470000,2026-05-24 15:00:00
616,540,2,Làm sạch sâu da mặt,75,480000,0,0,480000,2026-08-01 11:15:00
617,541,9,Ủ dưỡng và chăm sóc cơ thể,75,580000,0,0,580000,2026-08-21 14:15:00
618,542,8,Tẩy tế bào chết toàn thân,60,420000,0,0,420000,2026-09-14 17:00:00
619,543,6,Massage đá nóng,90,650000,0,0,650000,2026-07-18 09:00:00
620,544,10,Chăm sóc và massage bàn chân,75,250000,2,80000,410000,2026-05-30 08:00:00
621,545,4,Massage thư giãn toàn thân,90,450000,1,180000,630000,2026-08-05 13:30:00
622,546,3,Cấp ẩm chuyên sâu da mặt,120,520000,2,150000,820000,2026-09-08 04:45:00
623,547,10,Chăm sóc và massage bàn chân,60,250000,1,80000,330000,2026-08-08 13:00:00
624,548,5,Massage tinh dầu,60,520000,0,200000,520000,2026-09-05 07:00:00
625,549,1,Chăm sóc da mặt cơ bản,90,350000,1,120000,470000,2026-08-28 08:30:00
626,550,4,Massage thư giãn toàn thân,60,450000,0,180000,450000,2026-09-14 11:00:00
627,551,11,Phục hồi da cao cấp,90,850000,0,0,850000,2026-08-24 09:15:00
628,552,3,Cấp ẩm chuyên sâu da mặt,90,520000,1,150000,670000,2026-08-24 16:15:00
629,553,7,"Trị liệu đầu, cổ và vai gáy",45,280000,0,0,280000,2026-09-14 20:00:00
630,554,9,Ủ dưỡng và chăm sóc cơ thể,75,580000,0,0,580000,2026-09-14 13:00:00
631,555,5,Massage tinh dầu,90,520000,1,200000,720000,2026-07-20 08:30:00
632,556,4,Massage thư giãn toàn thân,90,450000,1,180000,630000,2026-05-22 11:15:00
633,557,1,Chăm sóc da mặt cơ bản,90,350000,1,120000,470000,2026-07-12 04:30:00
634,558,9,Ủ dưỡng và chăm sóc cơ thể,75,580000,0,0,580000,2026-08-12 05:45:00
635,559,10,Chăm sóc và massage bàn chân,75,250000,2,80000,410000,2026-08-14 06:15:00
636,560,2,Làm sạch sâu da mặt,75,480000,0,0,480000,2026-07-13 12:45:00
637,561,7,"Trị liệu đầu, cổ và vai gáy",45,280000,0,0,280000,2026-09-15 13:00:00
638,562,10,Chăm sóc và massage bàn chân,45,250000,0,80000,250000,2026-09-14 16:00:00
639,563,9,Ủ dưỡng và chăm sóc cơ thể,75,580000,0,0,580000,2026-09-15 00:00:00
640,564,1,Chăm sóc da mặt cơ bản,90,350000,1,120000,470000,2026-07-10 10:15:00
641,565,10,Chăm sóc và massage bàn chân,45,250000,0,80000,250000,2026-09-15 07:00:00
642,566,1,Chăm sóc da mặt cơ bản,90,350000,1,120000,470000,2026-07-31 07:15:00
643,567,6,Massage đá nóng,90,650000,0,0,650000,2026-09-14 11:00:00
644,568,8,Tẩy tế bào chết toàn thân,60,420000,0,0,420000,2026-08-31 08:00:00
645,569,2,Làm sạch sâu da mặt,75,480000,0,0,480000,2026-09-15 04:00:00
646,570,10,Chăm sóc và massage bàn chân,45,250000,0,80000,250000,2026-08-06 08:15:00
647,571,1,Chăm sóc da mặt cơ bản,60,350000,0,120000,350000,2026-09-14 15:00:00
648,572,1,Chăm sóc da mặt cơ bản,120,350000,2,120000,590000,2026-09-15 11:00:00
649,573,1,Chăm sóc da mặt cơ bản,90,350000,1,120000,470000,2026-09-11 12:30:00
650,574,2,Làm sạch sâu da mặt,75,480000,0,0,480000,2026-09-07 11:15:00
651,575,10,Chăm sóc và massage bàn chân,75,250000,2,80000,410000,2026-06-29 03:15:00
652,575,3,Cấp ẩm chuyên sâu da mặt,90,520000,1,150000,670000,2026-06-29 03:15:00
653,576,9,Ủ dưỡng và chăm sóc cơ thể,75,580000,0,0,580000,2026-06-16 09:45:00
654,576,1,Chăm sóc da mặt cơ bản,90,350000,1,120000,470000,2026-06-16 09:45:00
655,577,4,Massage thư giãn toàn thân,90,450000,1,180000,630000,2026-06-16 06:45:00
656,578,6,Massage đá nóng,90,650000,0,0,650000,2026-09-11 06:15:00
657,579,2,Làm sạch sâu da mặt,75,480000,0,0,480000,2026-09-14 11:45:00
658,580,5,Massage tinh dầu,90,520000,1,200000,720000,2026-09-15 05:00:00
659,580,10,Chăm sóc và massage bàn chân,75,250000,2,80000,410000,2026-09-15 05:00:00
660,581,8,Tẩy tế bào chết toàn thân,60,420000,0,0,420000,2026-08-03 09:15:00
661,582,11,Phục hồi da cao cấp,90,850000,0,0,850000,2026-06-17 12:15:00
662,583,4,Massage thư giãn toàn thân,90,450000,1,180000,630000,2026-08-31 11:00:00
663,584,4,Massage thư giãn toàn thân,90,450000,1,180000,630000,2026-06-09 14:30:00
664,584,5,Massage tinh dầu,90,520000,1,200000,720000,2026-06-09 14:30:00
665,585,8,Tẩy tế bào chết toàn thân,60,420000,0,0,420000,2026-09-15 02:00:00
666,586,3,Cấp ẩm chuyên sâu da mặt,90,520000,1,150000,670000,2026-09-15 02:00:00
667,587,6,Massage đá nóng,90,650000,0,0,650000,2026-08-12 05:45:00
668,588,1,Chăm sóc da mặt cơ bản,120,350000,2,120000,590000,2026-06-01 09:15:00
669,589,5,Massage tinh dầu,120,520000,2,200000,920000,2026-09-15 10:00:00
670,590,4,Massage thư giãn toàn thân,60,450000,0,180000,450000,2026-09-14 11:00:00
671,591,9,Ủ dưỡng và chăm sóc cơ thể,75,580000,0,0,580000,2026-05-31 12:45:00
672,592,10,Chăm sóc và massage bàn chân,60,250000,1,80000,330000,2026-09-11 06:30:00
673,593,7,"Trị liệu đầu, cổ và vai gáy",45,280000,0,0,280000,2026-09-14 11:00:00
674,594,9,Ủ dưỡng và chăm sóc cơ thể,75,580000,0,0,580000,2026-09-07 09:00:00
675,595,1,Chăm sóc da mặt cơ bản,90,350000,1,120000,470000,2026-09-03 05:30:00
676,596,3,Cấp ẩm chuyên sâu da mặt,120,520000,2,150000,820000,2026-07-13 13:15:00
677,597,11,Phục hồi da cao cấp,90,850000,0,0,850000,2026-06-13 07:30:00
678,598,5,Massage tinh dầu,120,520000,2,200000,920000,2026-09-02 06:00:00
679,599,10,Chăm sóc và massage bàn chân,60,250000,1,80000,330000,2026-09-14 20:00:00
680,600,3,Cấp ẩm chuyên sâu da mặt,120,520000,2,150000,820000,2026-09-15 07:00:00
