id,transaction_code,booking_id,status,method,amount,qr_payload,paid_at,refunded_at,created_at,updated_at
1,PAY-20260905-00001,1,PAID,AT_SPA,250000,\N,2026-09-05 08:48:00,\N,2026-09-02 09:02:00,2026-09-05 08:48:00
2,PAY-20260730-00002,2,PAID,AT_SPA,520000,\N,2026-07-30 13:20:00,\N,2026-07-13 13:32:00,2026-07-30 13:20:00
3,PAY-20260629-00003,3,PAID,QR,580000,000201010212LUNARAPAY-20260629-00003580000,2026-06-23 19:00:00,\N,2026-06-23 10:02:00,2026-06-23 19:00:00
4,PAY-20260617-00004,4,PAID,AT_SPA,330000,\N,2026-06-17 10:57:00,\N,2026-06-05 08:02:00,2026-06-17 10:57:00
5,PAY-20260901-00005,5,PAID,AT_SPA,580000,\N,2026-09-01 15:19:00,\N,2026-08-14 12:32:00,2026-09-01 15:19:00
6,PAY-20260625-00006,6,PAID,CARD,330000,\N,2026-06-19 07:00:00,\N,2026-06-19 04:02:00,2026-06-19 07:00:00
7,PAY-20260826-00007,7,PAID,CARD,250000,\N,2026-08-12 14:30:00,\N,2026-08-12 09:32:00,2026-08-12 14:30:00
8,PAY-20260819-00008,8,PAID,QR,410000,000201010212LUNARAPAY-20260819-00008410000,2026-08-07 12:30:00,\N,2026-08-07 09:32:00,2026-08-07 12:30:00
9,PAY-20260819-00009,9,PAID,QR,480000,000201010212LUNARAPAY-20260819-00009480000,2026-08-02 12:00:00,\N,2026-08-02 05:02:00,2026-08-02 12:00:00
10,PAY-20260818-00010,10,PAID,CARD,420000,\N,2026-08-05 20:30:00,\N,2026-08-05 08:32:00,2026-08-05 20:30:00
11,PAY-20260905-00011,11,PAID,AT_SPA,650000,\N,2026-09-05 10:49:00,\N,2026-08-30 11:02:00,2026-09-05 10:49:00
12,PAY-20260620-00012,12,PAID,AT_SPA,250000,\N,2026-06-20 08:56:00,\N,2026-06-09 08:02:00,2026-06-20 08:56:00
13,PAY-20260907-00013,13,PAID,AT_SPA,330000,\N,2026-09-07 15:18:00,\N,2026-08-25 13:32:00,2026-09-07 15:18:00
14,PAY-20260831-00014,14,PAID,AT_SPA,520000,\N,2026-08-31 10:48:00,\N,2026-08-24 07:02:00,2026-08-31 10:48:00
15,PAY-20260827-00015,15,PAID,CARD,480000,\N,2026-08-09 20:30:00,\N,2026-08-09 11:32:00,2026-08-09 20:30:00
16,PAY-20260721-00016,16,PAID,AT_SPA,250000,\N,2026-07-21 13:27:00,\N,2026-07-08 08:32:00,2026-07-21 13:27:00
17,PAY-20260710-00017,17,REFUNDED,QR,590000,000201010212LUNARAPAY-20260710-00017590000,2026-07-02 10:00:00,2026-07-15 12:57:00,2026-07-02 08:02:00,2026-07-15 12:57:00
18,PAY-20260622-00018,18,PAID,CARD,970000,\N,2026-06-10 15:30:00,\N,2026-06-10 14:32:00,2026-06-10 15:30:00
19,PAY-20260707-00019,19,PAID,CARD,670000,\N,2026-06-29 16:30:00,\N,2026-06-29 10:32:00,2026-06-29 16:30:00
20,PAY-20260728-00020,20,PAID,QR,580000,000201010212LUNARAPAY-20260728-00020580000,2026-07-24 16:30:00,\N,2026-07-24 11:32:00,2026-07-24 16:30:00
21,PAY-20260812-00021,21,PAID,QR,850000,000201010212LUNARAPAY-20260812-00021850000,2026-07-25 13:30:00,\N,2026-07-25 12:32:00,2026-07-25 13:30:00
22,PAY-20260815-00022,22,PAID,CARD,280000,\N,2026-08-14 11:00:00,\N,2026-08-14 07:02:00,2026-08-14 11:00:00
23,PAY-20260629-00023,23,PAID,AT_SPA,410000,\N,2026-06-29 13:26:00,\N,2026-06-28 09:32:00,2026-06-29 13:26:00
24,PAY-20260715-00024,24,PAID,CARD,280000,\N,2026-07-01 13:00:00,\N,2026-07-01 07:02:00,2026-07-01 13:00:00
25,PAY-20260622-00025,25,PAID,CARD,280000,\N,2026-06-21 15:00:00,\N,2026-06-21 05:02:00,2026-06-21 15:00:00
26,PAY-20260611-00026,26,PAID,QR,450000,000201010212LUNARAPAY-20260611-00026450000,2026-05-28 16:30:00,\N,2026-05-28 07:32:00,2026-05-28 16:30:00
27,PAY-20260723-00027,27,PAID,AT_SPA,630000,\N,2026-07-23 08:55:00,\N,2026-07-13 08:02:00,2026-07-23 08:55:00
28,PAY-20260704-00028,28,PAID,QR,850000,000201010212LUNARAPAY-20260704-00028850000,2026-06-27 20:30:00,\N,2026-06-27 09:32:00,2026-06-27 20:30:00
29,PAY-20260610-00029,29,PAID,AT_SPA,650000,\N,2026-06-10 08:53:00,\N,2026-06-07 03:02:00,2026-06-10 08:53:00
30,PAY-20260831-00030,30,PAID,CARD,850000,\N,2026-08-20 12:30:00,\N,2026-08-20 10:32:00,2026-08-20 12:30:00
31,PAY-20260615-00031,31,PAID,CARD,920000,\N,2026-06-12 16:00:00,\N,2026-06-12 10:02:00,2026-06-12 16:00:00
32,PAY-20260905-00032,32,PAID,QR,410000,000201010212LUNARAPAY-20260905-00032410000,2026-09-02 08:00:00,\N,2026-09-02 07:02:00,2026-09-02 08:00:00
33,PAY-20260608-00033,33,PAID,AT_SPA,670000,\N,2026-06-08 08:55:00,\N,2026-06-07 08:02:00,2026-06-08 08:55:00
34,PAY-20260727-00034,34,PAID,AT_SPA,470000,\N,2026-07-27 10:56:00,\N,2026-07-19 09:02:00,2026-07-27 10:56:00
35,PAY-20260806-00035,35,PAID,AT_SPA,580000,\N,2026-08-06 15:23:00,\N,2026-07-30 12:32:00,2026-08-06 15:23:00
36,PAY-20260723-00036,36,PAID,QR,250000,000201010212LUNARAPAY-20260723-00036250000,2026-07-16 23:00:00,\N,2026-07-16 11:02:00,2026-07-16 23:00:00
37,PAY-20260618-00037,37,PAID,AT_SPA,720000,\N,2026-06-18 08:57:00,\N,2026-06-13 07:02:00,2026-06-18 08:57:00
38,PAY-20260613-00038,38,PAID,AT_SPA,850000,\N,2026-06-13 10:55:00,\N,2026-05-31 10:02:00,2026-06-13 10:55:00
39,PAY-20260617-00039,39,PAID,CARD,630000,\N,2026-05-30 18:30:00,\N,2026-05-30 11:32:00,2026-05-30 18:30:00
40,PAY-20260612-00040,40,PAID,AT_SPA,850000,\N,2026-06-12 08:51:00,\N,2026-06-09 04:02:00,2026-06-12 08:51:00
41,PAY-20260730-00041,41,PAID,QR,800000,000201010212LUNARAPAY-20260730-00041800000,2026-07-27 00:30:00,\N,2026-07-26 15:32:00,2026-07-27 00:30:00
42,PAY-20260626-00042,42,PAID,CARD,420000,\N,2026-06-25 10:00:00,\N,2026-06-25 08:02:00,2026-06-25 10:00:00
43,PAY-20260807-00043,43,PAID,CARD,250000,\N,2026-08-03 09:00:00,\N,2026-08-03 06:02:00,2026-08-03 09:00:00
44,PAY-20260629-00044,44,PAID,AT_SPA,580000,\N,2026-06-29 08:55:00,\N,2026-06-16 03:02:00,2026-06-29 08:55:00
45,PAY-20260813-00045,45,PAID,AT_SPA,420000,\N,2026-08-13 13:23:00,\N,2026-08-02 08:32:00,2026-08-13 13:23:00
46,PAY-20260724-00046,46,PAID,AT_SPA,670000,\N,2026-07-24 15:20:00,\N,2026-07-16 15:32:00,2026-07-24 15:20:00
47,PAY-20260904-00047,47,PAID,QR,250000,000201010212LUNARAPAY-20260904-00047250000,2026-08-24 19:30:00,\N,2026-08-24 10:32:00,2026-08-24 19:30:00
48,PAY-20260807-00048,48,PAID,QR,420000,000201010212LUNARAPAY-20260807-00048420000,2026-08-03 22:30:00,\N,2026-08-03 14:32:00,2026-08-03 22:30:00
49,PAY-20260617-00049,49,PAID,QR,520000,000201010212LUNARAPAY-20260617-00049520000,2026-06-04 19:30:00,\N,2026-06-04 10:32:00,2026-06-04 19:30:00
50,PAY-20260707-00050,50,PAID,CARD,870000,\N,2026-06-19 15:00:00,\N,2026-06-19 09:02:00,2026-06-19 15:00:00
51,PAY-20260812-00051,51,PAID,CARD,590000,\N,2026-08-01 11:00:00,\N,2026-08-01 05:02:00,2026-08-01 11:00:00
52,PAY-20260605-00052,52,PAID,CARD,520000,\N,2026-05-23 07:00:00,\N,2026-05-23 03:02:00,2026-05-23 07:00:00
53,PAY-20260716-00053,53,PAID,CARD,420000,\N,2026-07-13 11:30:00,\N,2026-07-13 07:32:00,2026-07-13 11:30:00
54,PAY-20260727-00054,54,PAID,CARD,650000,\N,2026-07-26 14:00:00,\N,2026-07-26 10:02:00,2026-07-26 14:00:00
55,PAY-20260822-00055,55,PAID,CARD,670000,\N,2026-08-11 18:00:00,\N,2026-08-11 10:02:00,2026-08-11 18:00:00
56,PAY-20260708-00056,56,PAID,CARD,700000,\N,2026-06-30 00:30:00,\N,2026-06-29 13:32:00,2026-06-30 00:30:00
57,PAY-20260801-00057,57,PAID,AT_SPA,520000,\N,2026-08-01 10:53:00,\N,2026-07-27 07:02:00,2026-08-01 10:53:00
58,PAY-20260725-00058,58,PAID,AT_SPA,480000,\N,2026-07-25 08:52:00,\N,2026-07-18 07:02:00,2026-07-25 08:52:00
59,PAY-20260718-00059,59,PAID,CARD,650000,\N,2026-07-10 19:00:00,\N,2026-07-10 08:02:00,2026-07-10 19:00:00
60,PAY-20260709-00060,60,PAID,AT_SPA,520000,\N,2026-07-09 10:53:00,\N,2026-06-28 08:02:00,2026-07-09 10:53:00
61,PAY-20260704-00061,61,PAID,QR,470000,000201010212LUNARAPAY-20260704-00061470000,2026-07-02 13:00:00,\N,2026-07-02 09:02:00,2026-07-02 13:00:00
62,PAY-20260619-00062,62,PAID,CARD,520000,\N,2026-06-09 20:30:00,\N,2026-06-09 13:32:00,2026-06-09 20:30:00
63,PAY-20260619-00063,63,PAID,CARD,870000,\N,2026-06-11 07:00:00,\N,2026-06-11 05:02:00,2026-06-11 07:00:00
64,PAY-20260606-00064,64,PAID,CARD,280000,\N,2026-05-28 09:00:00,\N,2026-05-28 07:02:00,2026-05-28 09:00:00
65,PAY-20260815-00065,65,PAID,CARD,420000,\N,2026-08-07 09:00:00,\N,2026-08-07 07:02:00,2026-08-07 09:00:00
66,PAY-20260729-00066,66,PAID,QR,420000,000201010212LUNARAPAY-20260729-00066420000,2026-07-12 18:00:00,\N,2026-07-12 09:02:00,2026-07-12 18:00:00
67,PAY-20260707-00067,67,PAID,AT_SPA,520000,\N,2026-07-07 15:24:00,\N,2026-06-28 15:32:00,2026-07-07 15:24:00
68,PAY-20260812-00068,68,PAID,AT_SPA,920000,\N,2026-08-12 15:22:00,\N,2026-07-28 15:32:00,2026-08-12 15:22:00
69,PAY-20260713-00069,69,PAID,AT_SPA,650000,\N,2026-07-13 15:23:00,\N,2026-07-10 15:32:00,2026-07-13 15:23:00
70,PAY-20260605-00070,70,PAID,CARD,470000,\N,2026-05-30 04:00:00,\N,2026-05-30 03:02:00,2026-05-30 04:00:00
71,PAY-20260709-00071,71,PAID,QR,580000,000201010212LUNARAPAY-20260709-00071580000,2026-06-29 16:30:00,\N,2026-06-29 09:32:00,2026-06-29 16:30:00
72,PAY-20260701-00072,72,PAID,QR,670000,000201010212LUNARAPAY-20260701-00072670000,2026-06-20 13:00:00,\N,2026-06-20 03:02:00,2026-06-20 13:00:00
73,PAY-20260819-00073,73,PAID,AT_SPA,350000,\N,2026-08-19 08:52:00,\N,2026-08-18 04:02:00,2026-08-19 08:52:00
74,PAY-20260612-00074,74,PAID,QR,350000,000201010212LUNARAPAY-20260612-00074350000,2026-06-03 13:30:00,\N,2026-06-03 12:32:00,2026-06-03 13:30:00
75,PAY-20260619-00075,75,PAID,QR,330000,000201010212LUNARAPAY-20260619-00075330000,2026-06-03 13:30:00,\N,2026-06-03 11:32:00,2026-06-03 13:30:00
76,PAY-20260908-00076,76,PAID,CARD,330000,\N,2026-08-21 15:30:00,\N,2026-08-21 13:32:00,2026-08-21 15:30:00
77,PAY-20260613-00077,77,PAID,QR,810000,000201010212LUNARAPAY-20260613-00077810000,2026-06-12 20:30:00,\N,2026-06-12 13:32:00,2026-06-12 20:30:00
78,PAY-20260901-00078,78,PAID,QR,520000,000201010212LUNARAPAY-20260901-00078520000,2026-08-27 08:00:00,\N,2026-08-27 07:02:00,2026-08-27 08:00:00
79,PAY-20260714-00079,79,PAID,QR,580000,000201010212LUNARAPAY-20260714-00079580000,2026-07-05 12:00:00,\N,2026-07-05 06:02:00,2026-07-05 12:00:00
80,PAY-20260826-00080,80,PAID,QR,250000,000201010212LUNARAPAY-20260826-00080250000,2026-08-08 17:00:00,\N,2026-08-08 06:02:00,2026-08-08 17:00:00
81,PAY-20260717-00081,81,PAID,AT_SPA,420000,\N,2026-07-17 13:20:00,\N,2026-07-15 13:32:00,2026-07-17 13:20:00
82,PAY-20260604-00082,82,PAID,QR,420000,000201010212LUNARAPAY-20260604-00082420000,2026-05-31 18:30:00,\N,2026-05-31 12:32:00,2026-05-31 18:30:00
83,PAY-20260806-00083,83,PAID,AT_SPA,850000,\N,2026-08-06 08:56:00,\N,2026-07-22 04:02:00,2026-08-06 08:56:00
84,PAY-20260623-00084,84,PAID,CARD,330000,\N,2026-06-20 11:30:00,\N,2026-06-20 09:32:00,2026-06-20 11:30:00
85,PAY-20260622-00085,85,PAID,AT_SPA,580000,\N,2026-06-22 15:18:00,\N,2026-06-18 11:32:00,2026-06-22 15:18:00
86,PAY-20260819-00086,86,PAID,QR,520000,000201010212LUNARAPAY-20260819-00086520000,2026-08-09 14:00:00,\N,2026-08-09 06:02:00,2026-08-09 14:00:00
87,PAY-20260831-00087,87,PAID,QR,520000,000201010212LUNARAPAY-20260831-00087520000,2026-08-23 21:30:00,\N,2026-08-23 12:32:00,2026-08-23 21:30:00
88,PAY-20260610-00088,88,PAID,CARD,580000,\N,2026-05-31 18:30:00,\N,2026-05-31 12:32:00,2026-05-31 18:30:00
89,PAY-20260905-00089,89,PAID,AT_SPA,650000,\N,2026-09-05 10:50:00,\N,2026-08-26 08:02:00,2026-09-05 10:50:00
90,PAY-20260622-00090,90,PAID,CARD,420000,\N,2026-06-14 16:00:00,\N,2026-06-14 07:02:00,2026-06-14 16:00:00
91,PAY-20260624-00091,91,PAID,CARD,670000,\N,2026-06-11 16:30:00,\N,2026-06-11 14:32:00,2026-06-11 16:30:00
92,PAY-20260717-00092,92,PAID,AT_SPA,330000,\N,2026-07-17 08:53:00,\N,2026-07-12 07:02:00,2026-07-17 08:53:00
93,PAY-20260715-00093,93,PAID,QR,410000,000201010212LUNARAPAY-20260715-00093410000,2026-07-11 15:30:00,\N,2026-07-11 11:32:00,2026-07-11 15:30:00
94,PAY-20260729-00094,94,PAID,CARD,350000,\N,2026-07-20 13:30:00,\N,2026-07-20 11:32:00,2026-07-20 13:30:00
95,PAY-20260606-00095,95,PAID,CARD,420000,\N,2026-05-30 00:30:00,\N,2026-05-29 12:32:00,2026-05-30 00:30:00
96,PAY-20260630-00096,96,PAID,AT_SPA,720000,\N,2026-06-30 13:26:00,\N,2026-06-18 07:32:00,2026-06-30 13:26:00
97,PAY-20260907-00097,97,PAID,QR,350000,000201010212LUNARAPAY-20260907-00097350000,2026-08-27 21:30:00,\N,2026-08-27 09:32:00,2026-08-27 21:30:00
98,PAY-20260703-00098,98,PAID,AT_SPA,670000,\N,2026-07-03 08:57:00,\N,2026-06-18 06:02:00,2026-07-03 08:57:00
99,PAY-20260814-00099,99,PAID,AT_SPA,850000,\N,2026-08-14 15:20:00,\N,2026-08-11 09:32:00,2026-08-14 15:20:00
100,PAY-20260817-00100,100,PAID,QR,810000,000201010212LUNARAPAY-20260817-00100810000,2026-08-08 14:30:00,\N,2026-08-08 13:32:00,2026-08-08 14:30:00
101,PAY-20260731-00101,101,PAID,CARD,520000,\N,2026-07-15 18:30:00,\N,2026-07-15 13:32:00,2026-07-15 18:30:00
102,PAY-20260730-00102,102,PAID,QR,730000,000201010212LUNARAPAY-20260730-00102730000,2026-07-19 18:30:00,\N,2026-07-19 13:32:00,2026-07-19 18:30:00
103,PAY-20260615-00103,103,PAID,AT_SPA,280000,\N,2026-06-15 08:56:00,\N,2026-05-29 04:02:00,2026-06-15 08:56:00
104,PAY-20260911-00104,104,PAID,AT_SPA,720000,\N,2026-09-11 13:19:00,\N,2026-09-06 10:32:00,2026-09-11 13:19:00
105,PAY-20260717-00105,105,PAID,CARD,420000,\N,2026-07-05 21:30:00,\N,2026-07-05 10:32:00,2026-07-05 21:30:00
106,PAY-20260618-00106,106,PAID,AT_SPA,520000,\N,2026-06-18 10:57:00,\N,2026-06-15 08:02:00,2026-06-18 10:57:00
107,PAY-20260828-00107,107,PAID,AT_SPA,480000,\N,2026-08-28 10:49:00,\N,2026-08-14 10:02:00,2026-08-28 10:49:00
108,PAY-20260624-00108,108,PAID,CARD,280000,\N,2026-06-14 14:30:00,\N,2026-06-14 11:32:00,2026-06-14 14:30:00
109,PAY-20260627-00109,109,REFUNDED,QR,750000,000201010212LUNARAPAY-20260627-00109750000,2026-06-20 16:00:00,2026-06-28 11:00:00,2026-06-20 05:02:00,2026-06-28 11:00:00
110,PAY-20260801-00110,110,PAID,AT_SPA,480000,\N,2026-08-01 08:50:00,\N,2026-07-19 04:02:00,2026-08-01 08:50:00
111,PAY-20260715-00111,111,PAID,CARD,520000,\N,2026-07-11 20:30:00,\N,2026-07-11 12:32:00,2026-07-11 20:30:00
112,PAY-20260828-00112,112,PAID,AT_SPA,250000,\N,2026-08-28 10:52:00,\N,2026-08-11 11:02:00,2026-08-28 10:52:00
113,PAY-20260720-00113,113,PAID,AT_SPA,520000,\N,2026-07-20 15:26:00,\N,2026-07-17 11:32:00,2026-07-20 15:26:00
114,PAY-20260904-00114,114,PAID,QR,820000,000201010212LUNARAPAY-20260904-00114820000,2026-08-24 22:30:00,\N,2026-08-24 11:32:00,2026-08-24 22:30:00
115,PAY-20260821-00115,115,PAID,CARD,280000,\N,2026-08-09 11:00:00,\N,2026-08-09 09:02:00,2026-08-09 11:00:00
116,PAY-20260908-00116,116,PAID,CARD,350000,\N,2026-08-24 12:00:00,\N,2026-08-24 06:02:00,2026-08-24 12:00:00
117,PAY-20260713-00117,117,PAID,QR,390000,000201010212LUNARAPAY-20260713-00117390000,2026-07-09 12:00:00,\N,2026-07-09 10:02:00,2026-07-09 12:00:00
118,PAY-20260902-00118,118,PAID,QR,420000,000201010212LUNARAPAY-20260902-00118420000,2026-08-23 23:30:00,\N,2026-08-23 11:32:00,2026-08-23 23:30:00
119,PAY-20260812-00119,119,PAID,CARD,580000,\N,2026-07-30 18:30:00,\N,2026-07-30 08:32:00,2026-07-30 18:30:00
120,PAY-20260627-00120,120,PAID,AT_SPA,580000,\N,2026-06-27 15:23:00,\N,2026-06-26 13:32:00,2026-06-27 15:23:00
121,PAY-20260901-00121,121,PAID,CARD,410000,\N,2026-08-17 20:30:00,\N,2026-08-17 12:32:00,2026-08-17 20:30:00
122,PAY-20260709-00122,122,PAID,AT_SPA,520000,\N,2026-07-09 13:21:00,\N,2026-07-06 07:32:00,2026-07-09 13:21:00
123,PAY-20260811-00123,123,PAID,QR,810000,000201010212LUNARAPAY-20260811-00123810000,2026-08-06 15:00:00,\N,2026-08-06 09:02:00,2026-08-06 15:00:00
124,PAY-20260604-00124,124,PAID,QR,350000,000201010212LUNARAPAY-20260604-00124350000,2026-05-27 16:30:00,\N,2026-05-27 12:32:00,2026-05-27 16:30:00
125,PAY-20260707-00125,125,PAID,QR,650000,000201010212LUNARAPAY-20260707-00125650000,2026-07-01 14:00:00,\N,2026-07-01 09:02:00,2026-07-01 14:00:00
126,PAY-20260912-00126,126,PAID,QR,280000,000201010212LUNARAPAY-20260912-00126280000,2026-09-09 10:00:00,\N,2026-09-09 07:02:00,2026-09-09 10:00:00
127,PAY-20260812-00127,127,PAID,AT_SPA,330000,\N,2026-08-12 08:54:00,\N,2026-07-28 04:02:00,2026-08-12 08:54:00
128,PAY-20260608-00128,128,PAID,AT_SPA,420000,\N,2026-06-08 10:53:00,\N,2026-06-05 05:02:00,2026-06-08 10:53:00
129,PAY-20260907-00129,129,PAID,QR,940000,000201010212LUNARAPAY-20260907-00129940000,2026-09-02 17:00:00,\N,2026-09-02 07:02:00,2026-09-02 17:00:00
130,PAY-20260731-00130,130,PAID,CARD,450000,\N,2026-07-29 13:00:00,\N,2026-07-29 06:02:00,2026-07-29 13:00:00
131,PAY-20260813-00131,131,PAID,AT_SPA,250000,\N,2026-08-13 13:21:00,\N,2026-08-04 07:32:00,2026-08-13 13:21:00
132,PAY-20260911-00132,132,PAID,AT_SPA,580000,\N,2026-09-11 08:54:00,\N,2026-08-31 05:02:00,2026-09-11 08:54:00
133,PAY-20260903-00133,133,PAID,AT_SPA,420000,\N,2026-09-03 13:18:00,\N,2026-08-27 08:32:00,2026-09-03 13:18:00
134,PAY-20260624-00134,134,PAID,QR,350000,000201010212LUNARAPAY-20260624-00134350000,2026-06-15 08:00:00,\N,2026-06-15 05:02:00,2026-06-15 08:00:00
135,PAY-20260714-00135,135,PAID,AT_SPA,330000,\N,2026-07-14 10:57:00,\N,2026-07-04 09:02:00,2026-07-14 10:57:00
136,PAY-20260714-00136,136,REFUNDED,QR,940000,000201010212LUNARAPAY-20260714-00136940000,2026-07-08 16:00:00,2026-07-17 12:55:00,2026-07-08 06:02:00,2026-07-17 12:55:00
137,PAY-20260601-00137,137,PAID,AT_SPA,280000,\N,2026-06-01 15:24:00,\N,2026-05-30 09:32:00,2026-06-01 15:24:00
138,PAY-20260623-00138,138,PAID,CARD,420000,\N,2026-06-10 14:30:00,\N,2026-06-10 09:32:00,2026-06-10 14:30:00
139,PAY-20260622-00139,139,PAID,CARD,520000,\N,2026-06-17 18:00:00,\N,2026-06-17 08:02:00,2026-06-17 18:00:00
140,PAY-20260803-00140,140,REFUNDED,AT_SPA,520000,\N,2026-08-03 13:26:00,2026-08-08 14:25:00,2026-07-22 09:32:00,2026-08-08 14:25:00
141,PAY-20260907-00141,141,PAID,AT_SPA,480000,\N,2026-09-07 10:48:00,\N,2026-08-28 07:02:00,2026-09-07 10:48:00
142,PAY-20260610-00142,142,PAID,QR,350000,000201010212LUNARAPAY-20260610-00142350000,2026-06-04 17:00:00,\N,2026-06-04 05:02:00,2026-06-04 17:00:00
143,PAY-20260716-00143,143,PAID,CARD,250000,\N,2026-07-12 12:30:00,\N,2026-07-12 09:32:00,2026-07-12 12:30:00
144,PAY-20260701-00144,144,PAID,AT_SPA,720000,\N,2026-07-01 10:55:00,\N,2026-06-29 09:02:00,2026-07-01 10:55:00
145,PAY-20260801-00145,145,PAID,QR,250000,000201010212LUNARAPAY-20260801-00145250000,2026-07-18 16:30:00,\N,2026-07-18 11:32:00,2026-07-18 16:30:00
146,PAY-20260904-00146,146,PAID,AT_SPA,700000,\N,2026-09-04 15:25:00,\N,2026-08-20 12:32:00,2026-09-04 15:25:00
147,PAY-20260708-00147,147,PAID,QR,350000,000201010212LUNARAPAY-20260708-00147350000,2026-07-04 18:30:00,\N,2026-07-04 13:32:00,2026-07-04 18:30:00
148,PAY-20260824-00148,148,PAID,AT_SPA,420000,\N,2026-08-24 10:56:00,\N,2026-08-16 08:02:00,2026-08-24 10:56:00
149,PAY-20260711-00149,149,PAID,AT_SPA,420000,\N,2026-07-11 15:21:00,\N,2026-07-10 15:32:00,2026-07-11 15:21:00
150,PAY-20260706-00150,150,PAID,AT_SPA,520000,\N,2026-07-06 13:18:00,\N,2026-06-19 10:32:00,2026-07-06 13:18:00
151,PAY-20260602-00151,151,PAID,CARD,650000,\N,2026-05-28 16:00:00,\N,2026-05-28 09:02:00,2026-05-28 16:00:00
152,PAY-20260725-00152,152,PAID,CARD,820000,\N,2026-07-12 16:00:00,\N,2026-07-12 06:02:00,2026-07-12 16:00:00
153,PAY-20260810-00153,153,PAID,CARD,280000,\N,2026-07-25 15:30:00,\N,2026-07-25 12:32:00,2026-07-25 15:30:00
154,PAY-20260707-00154,154,PAID,CARD,250000,\N,2026-07-04 11:00:00,\N,2026-07-04 07:02:00,2026-07-04 11:00:00
155,PAY-20260725-00155,155,PAID,QR,850000,000201010212LUNARAPAY-20260725-00155850000,2026-07-10 22:30:00,\N,2026-07-10 11:32:00,2026-07-10 22:30:00
156,PAY-20260610-00156,156,REFUNDED,QR,480000,000201010212LUNARAPAY-20260610-00156480000,2026-05-30 16:00:00,2026-06-15 12:10:00,2026-05-30 11:02:00,2026-06-15 12:10:00
157,PAY-20260729-00157,157,PAID,QR,720000,000201010212LUNARAPAY-20260729-00157720000,2026-07-22 20:00:00,\N,2026-07-22 10:02:00,2026-07-22 20:00:00
158,PAY-20260721-00158,158,PAID,QR,350000,000201010212LUNARAPAY-20260721-00158350000,2026-07-18 12:00:00,\N,2026-07-18 10:02:00,2026-07-18 12:00:00
159,PAY-20260810-00159,159,PAID,CARD,330000,\N,2026-08-04 05:00:00,\N,2026-08-04 04:02:00,2026-08-04 05:00:00
160,PAY-20260818-00160,160,PAID,QR,420000,000201010212LUNARAPAY-20260818-00160420000,2026-08-05 17:30:00,\N,2026-08-05 12:32:00,2026-08-05 17:30:00
161,PAY-20260710-00161,161,PAID,CARD,350000,\N,2026-06-30 20:30:00,\N,2026-06-30 10:32:00,2026-06-30 20:30:00
162,PAY-20260902-00162,162,PAID,AT_SPA,820000,\N,2026-09-02 08:57:00,\N,2026-08-17 08:02:00,2026-09-02 08:57:00
163,PAY-20260721-00163,163,PAID,QR,480000,000201010212LUNARAPAY-20260721-00163480000,2026-07-20 02:30:00,\N,2026-07-19 15:32:00,2026-07-20 02:30:00
164,PAY-20260819-00164,164,PAID,AT_SPA,630000,\N,2026-08-19 08:49:00,\N,2026-08-13 05:02:00,2026-08-19 08:49:00
165,PAY-20260824-00165,165,PAID,QR,410000,000201010212LUNARAPAY-20260824-00165410000,2026-08-22 12:00:00,\N,2026-08-22 06:02:00,2026-08-22 12:00:00
166,PAY-20260908-00166,166,PAID,QR,850000,000201010212LUNARAPAY-20260908-00166850000,2026-08-26 20:30:00,\N,2026-08-26 08:32:00,2026-08-26 20:30:00
167,PAY-20260820-00167,167,PAID,CARD,350000,\N,2026-08-11 19:00:00,\N,2026-08-11 09:02:00,2026-08-11 19:00:00
168,PAY-20260729-00168,168,PAID,AT_SPA,470000,\N,2026-07-29 15:21:00,\N,2026-07-23 10:32:00,2026-07-29 15:21:00
169,PAY-20260617-00169,169,REFUNDED,QR,450000,000201010212LUNARAPAY-20260617-00169450000,2026-06-05 17:00:00,2026-06-22 12:00:00,2026-06-05 10:02:00,2026-06-22 12:00:00
170,PAY-20260729-00170,170,PAID,AT_SPA,420000,\N,2026-07-29 15:27:00,\N,2026-07-25 09:32:00,2026-07-29 15:27:00
171,PAY-20260730-00171,171,PAID,AT_SPA,720000,\N,2026-07-30 13:23:00,\N,2026-07-13 13:32:00,2026-07-30 13:23:00
172,PAY-20260820-00172,172,PAID,AT_SPA,420000,\N,2026-08-20 13:19:00,\N,2026-08-18 10:32:00,2026-08-20 13:19:00
173,PAY-20260812-00173,173,PAID,QR,250000,000201010212LUNARAPAY-20260812-00173250000,2026-08-05 15:30:00,\N,2026-08-05 10:32:00,2026-08-05 15:30:00
174,PAY-20260912-00174,174,PAID,CARD,580000,\N,2026-08-31 14:30:00,\N,2026-08-31 12:32:00,2026-08-31 14:30:00
175,PAY-20260828-00175,175,PAID,AT_SPA,480000,\N,2026-08-28 08:57:00,\N,2026-08-10 04:02:00,2026-08-28 08:57:00
176,PAY-20260811-00176,176,PAID,AT_SPA,720000,\N,2026-08-11 10:51:00,\N,2026-08-01 07:02:00,2026-08-11 10:51:00
177,PAY-20260804-00177,177,PAID,CARD,420000,\N,2026-07-27 06:00:00,\N,2026-07-27 04:02:00,2026-07-27 06:00:00
178,PAY-20260613-00178,178,PAID,AT_SPA,250000,\N,2026-06-13 13:24:00,\N,2026-06-08 09:32:00,2026-06-13 13:24:00
179,PAY-20260710-00179,179,PAID,QR,520000,000201010212LUNARAPAY-20260710-00179520000,2026-07-09 22:30:00,\N,2026-07-09 10:32:00,2026-07-09 22:30:00
180,PAY-20260620-00180,180,PAID,CARD,520000,\N,2026-06-16 23:30:00,\N,2026-06-16 13:32:00,2026-06-16 23:30:00
181,PAY-20260625-00181,181,PAID,AT_SPA,250000,\N,2026-06-25 10:52:00,\N,2026-06-11 06:02:00,2026-06-25 10:52:00
182,PAY-20260724-00182,182,PAID,AT_SPA,720000,\N,2026-07-24 10:54:00,\N,2026-07-23 11:02:00,2026-07-24 10:54:00
183,PAY-20260909-00183,183,PAID,QR,480000,000201010212LUNARAPAY-20260909-00183480000,2026-08-25 20:30:00,\N,2026-08-25 14:32:00,2026-08-25 20:30:00
184,PAY-20260728-00184,184,PAID,CARD,480000,\N,2026-07-10 12:30:00,\N,2026-07-10 07:32:00,2026-07-10 12:30:00
185,PAY-20260814-00185,185,PAID,QR,250000,000201010212LUNARAPAY-20260814-00185250000,2026-08-06 05:00:00,\N,2026-08-06 04:02:00,2026-08-06 05:00:00
186,PAY-20260620-00186,186,PAID,AT_SPA,670000,\N,2026-06-20 15:25:00,\N,2026-06-15 12:32:00,2026-06-20 15:25:00
187,PAY-20260606-00187,187,PAID,QR,520000,000201010212LUNARAPAY-20260606-00187520000,2026-05-24 21:30:00,\N,2026-05-24 11:32:00,2026-05-24 21:30:00
188,PAY-20260810-00188,188,PAID,CARD,450000,\N,2026-08-05 20:30:00,\N,2026-08-05 13:32:00,2026-08-05 20:30:00
189,PAY-20260625-00189,189,PAID,QR,420000,000201010212LUNARAPAY-20260625-00189420000,2026-06-19 14:00:00,\N,2026-06-19 06:02:00,2026-06-19 14:00:00
190,PAY-20260706-00190,190,PAID,AT_SPA,520000,\N,2026-07-06 13:19:00,\N,2026-06-26 11:32:00,2026-07-06 13:19:00
191,PAY-20260730-00191,191,PAID,AT_SPA,850000,\N,2026-07-30 08:50:00,\N,2026-07-19 07:02:00,2026-07-30 08:50:00
192,PAY-20260729-00192,192,PAID,AT_SPA,670000,\N,2026-07-29 10:48:00,\N,2026-07-14 11:02:00,2026-07-29 10:48:00
193,PAY-20260914-00193,193,PAID,AT_SPA,410000,\N,2026-09-14 13:18:00,\N,2026-08-27 11:32:00,2026-09-14 13:18:00
194,PAY-20260620-00194,194,PAID,CARD,450000,\N,2026-06-10 16:30:00,\N,2026-06-10 12:32:00,2026-06-10 16:30:00
195,PAY-20260622-00195,195,PAID,AT_SPA,720000,\N,2026-06-22 13:25:00,\N,2026-06-05 12:32:00,2026-06-22 13:25:00
196,PAY-20260616-00196,196,PAID,CARD,520000,\N,2026-06-12 20:30:00,\N,2026-06-12 12:32:00,2026-06-12 20:30:00
197,PAY-20260828-00197,197,PAID,QR,470000,000201010212LUNARAPAY-20260828-00197470000,2026-08-16 12:30:00,\N,2026-08-16 08:32:00,2026-08-16 12:30:00
198,PAY-20260912-00198,198,PAID,QR,650000,000201010212LUNARAPAY-20260912-00198650000,2026-08-30 19:00:00,\N,2026-08-30 11:02:00,2026-08-30 19:00:00
199,PAY-20260812-00199,199,PAID,CARD,250000,\N,2026-08-09 13:30:00,\N,2026-08-09 10:32:00,2026-08-09 13:30:00
200,PAY-20260828-00200,200,PAID,CARD,470000,\N,2026-08-18 11:00:00,\N,2026-08-18 07:02:00,2026-08-18 11:00:00
201,PAY-20260811-00201,201,PAID,AT_SPA,520000,\N,2026-08-11 13:26:00,\N,2026-07-24 12:32:00,2026-08-11 13:26:00
202,PAY-20260822-00202,202,PAID,CARD,470000,\N,2026-08-05 11:00:00,\N,2026-08-05 07:02:00,2026-08-05 11:00:00
203,PAY-20260728-00203,203,PAID,CARD,520000,\N,2026-07-15 14:00:00,\N,2026-07-15 06:02:00,2026-07-15 14:00:00
204,PAY-20260909-00204,204,PAID,CARD,580000,\N,2026-08-25 19:30:00,\N,2026-08-25 14:32:00,2026-08-25 19:30:00
205,PAY-20260826-00205,205,PAID,AT_SPA,970000,\N,2026-08-26 13:27:00,\N,2026-08-15 12:32:00,2026-08-26 13:27:00
206,PAY-20260710-00206,206,PAID,CARD,420000,\N,2026-07-06 12:00:00,\N,2026-07-06 05:02:00,2026-07-06 12:00:00
207,PAY-20260810-00207,207,PAID,CARD,450000,\N,2026-08-02 08:00:00,\N,2026-08-02 04:02:00,2026-08-02 08:00:00
208,PAY-20260711-00208,208,PAID,CARD,850000,\N,2026-07-02 17:00:00,\N,2026-07-02 10:02:00,2026-07-02 17:00:00
209,PAY-20260907-00209,209,PAID,QR,470000,000201010212LUNARAPAY-20260907-00209470000,2026-09-04 16:30:00,\N,2026-09-04 12:32:00,2026-09-04 16:30:00
210,PAY-20260610-00210,210,PAID,AT_SPA,670000,\N,2026-06-10 13:19:00,\N,2026-05-28 13:32:00,2026-06-10 13:19:00
211,PAY-20260827-00211,211,PAID,AT_SPA,520000,\N,2026-08-27 08:50:00,\N,2026-08-20 08:02:00,2026-08-27 08:50:00
212,PAY-20260729-00212,212,PAID,QR,810000,000201010212LUNARAPAY-20260729-00212810000,2026-07-19 14:00:00,\N,2026-07-19 08:02:00,2026-07-19 14:00:00
213,PAY-20260724-00213,213,PAID,AT_SPA,420000,\N,2026-07-24 10:50:00,\N,2026-07-09 06:02:00,2026-07-24 10:50:00
214,PAY-20260622-00214,214,PAID,QR,520000,000201010212LUNARAPAY-20260622-00214520000,2026-06-21 14:30:00,\N,2026-06-21 12:32:00,2026-06-21 14:30:00
215,PAY-20260707-00215,215,PAID,QR,450000,000201010212LUNARAPAY-20260707-00215450000,2026-06-21 13:30:00,\N,2026-06-21 10:32:00,2026-06-21 13:30:00
216,PAY-20260611-00216,216,PAID,CARD,700000,\N,2026-05-27 19:30:00,\N,2026-05-27 13:32:00,2026-05-27 19:30:00
217,PAY-20260622-00217,217,PAID,QR,580000,000201010212LUNARAPAY-20260622-00217580000,2026-06-19 06:00:00,\N,2026-06-19 05:02:00,2026-06-19 06:00:00
218,PAY-20260729-00218,218,PAID,CARD,470000,\N,2026-07-11 11:00:00,\N,2026-07-11 04:02:00,2026-07-11 11:00:00
219,PAY-20260619-00219,219,PAID,AT_SPA,480000,\N,2026-06-19 10:52:00,\N,2026-06-04 10:02:00,2026-06-19 10:52:00
220,PAY-20260903-00220,220,PAID,CARD,630000,\N,2026-09-02 17:00:00,\N,2026-09-02 09:02:00,2026-09-02 17:00:00
221,PAY-20260715-00221,221,PAID,CARD,410000,\N,2026-06-30 08:00:00,\N,2026-06-30 06:02:00,2026-06-30 08:00:00
222,PAY-20260812-00222,222,PAID,AT_SPA,650000,\N,2026-08-12 10:49:00,\N,2026-08-05 06:02:00,2026-08-12 10:49:00
223,PAY-20260711-00223,223,PAID,QR,350000,000201010212LUNARAPAY-20260711-00223350000,2026-07-08 21:00:00,\N,2026-07-08 09:02:00,2026-07-08 21:00:00
224,PAY-20260704-00224,224,PAID,AT_SPA,580000,\N,2026-07-04 13:19:00,\N,2026-06-26 13:32:00,2026-07-04 13:19:00
225,PAY-20260601-00225,225,PAID,CARD,250000,\N,2026-05-16 18:30:00,\N,2026-05-16 11:32:00,2026-05-16 18:30:00
226,PAY-20260826-00226,226,PAID,QR,420000,000201010212LUNARAPAY-20260826-00226420000,2026-08-16 07:00:00,\N,2026-08-16 05:02:00,2026-08-16 07:00:00
227,PAY-20260805-00227,227,PAID,QR,650000,000201010212LUNARAPAY-20260805-00227650000,2026-08-02 06:00:00,\N,2026-08-02 05:02:00,2026-08-02 06:00:00
228,PAY-20260902-00228,228,PAID,AT_SPA,850000,\N,2026-09-02 15:19:00,\N,2026-08-25 12:32:00,2026-09-02 15:19:00
229,PAY-20260910-00229,229,PAID,AT_SPA,250000,\N,2026-09-10 08:53:00,\N,2026-09-08 06:02:00,2026-09-10 08:53:00
230,PAY-20260602-00230,230,PAID,CARD,580000,\N,2026-06-01 13:30:00,\N,2026-06-01 07:32:00,2026-06-01 13:30:00
231,PAY-20260720-00231,231,PAID,CARD,520000,\N,2026-07-19 00:30:00,\N,2026-07-18 12:32:00,2026-07-19 00:30:00
232,PAY-20260709-00232,232,PAID,QR,520000,000201010212LUNARAPAY-20260709-00232520000,2026-07-04 18:30:00,\N,2026-07-04 07:32:00,2026-07-04 18:30:00
233,PAY-20260715-00233,233,PAID,AT_SPA,650000,\N,2026-07-15 10:56:00,\N,2026-07-03 06:02:00,2026-07-15 10:56:00
234,PAY-20260805-00234,234,PAID,CARD,850000,\N,2026-08-04 16:30:00,\N,2026-08-04 09:32:00,2026-08-04 16:30:00
235,PAY-20260831-00235,235,PAID,QR,670000,000201010212LUNARAPAY-20260831-00235670000,2026-08-24 15:00:00,\N,2026-08-24 06:02:00,2026-08-24 15:00:00
236,PAY-20260817-00236,236,PAID,CARD,520000,\N,2026-08-15 18:00:00,\N,2026-08-15 06:02:00,2026-08-15 18:00:00
237,PAY-20260715-00237,237,PAID,AT_SPA,480000,\N,2026-07-15 13:20:00,\N,2026-07-04 12:32:00,2026-07-15 13:20:00
238,PAY-20260820-00238,238,PAID,QR,280000,000201010212LUNARAPAY-20260820-00238280000,2026-08-11 19:30:00,\N,2026-08-11 10:32:00,2026-08-11 19:30:00
239,PAY-20260605-00239,239,PAID,AT_SPA,450000,\N,2026-06-05 13:25:00,\N,2026-05-30 13:32:00,2026-06-05 13:25:00
240,PAY-20260820-00240,240,PAID,CARD,350000,\N,2026-08-06 17:30:00,\N,2026-08-06 11:32:00,2026-08-06 17:30:00
241,PAY-20260622-00241,241,PAID,CARD,670000,\N,2026-06-06 13:00:00,\N,2026-06-06 06:02:00,2026-06-06 13:00:00
242,PAY-20260904-00242,242,PAID,AT_SPA,580000,\N,2026-09-04 13:19:00,\N,2026-08-23 13:32:00,2026-09-04 13:19:00
243,PAY-20260804-00243,243,PAID,QR,580000,000201010212LUNARAPAY-20260804-00243580000,2026-07-18 14:00:00,\N,2026-07-18 10:02:00,2026-07-18 14:00:00
244,PAY-20260717-00244,244,PAID,AT_SPA,580000,\N,2026-07-17 15:22:00,\N,2026-07-09 13:32:00,2026-07-17 15:22:00
245,PAY-20260808-00245,245,PAID,AT_SPA,520000,\N,2026-08-08 10:56:00,\N,2026-07-25 10:02:00,2026-08-08 10:56:00
246,PAY-20260808-00246,246,PAID,CARD,480000,\N,2026-08-07 00:30:00,\N,2026-08-06 14:32:00,2026-08-07 00:30:00
247,PAY-20260724-00247,247,PAID,CARD,250000,\N,2026-07-14 19:30:00,\N,2026-07-14 14:32:00,2026-07-14 19:30:00
248,PAY-20260825-00248,248,PAID,AT_SPA,480000,\N,2026-08-25 13:26:00,\N,2026-08-08 10:32:00,2026-08-25 13:26:00
249,PAY-20260626-00249,249,PAID,QR,280000,000201010212LUNARAPAY-20260626-00249280000,2026-06-09 16:00:00,\N,2026-06-09 08:02:00,2026-06-09 16:00:00
250,PAY-20260901-00250,250,PAID,QR,670000,000201010212LUNARAPAY-20260901-00250670000,2026-08-21 22:30:00,\N,2026-08-21 13:32:00,2026-08-21 22:30:00
251,PAY-20260612-00251,251,PAID,AT_SPA,530000,\N,2026-06-12 08:57:00,\N,2026-06-10 08:02:00,2026-06-12 08:57:00
252,PAY-20260825-00252,252,PAID,CARD,520000,\N,2026-08-09 20:00:00,\N,2026-08-09 10:02:00,2026-08-09 20:00:00
253,PAY-20260811-00253,253,PAID,CARD,450000,\N,2026-08-02 15:00:00,\N,2026-08-02 07:02:00,2026-08-02 15:00:00
254,PAY-20260806-00254,254,PAID,CARD,280000,\N,2026-07-22 09:30:00,\N,2026-07-22 08:32:00,2026-07-22 09:30:00
255,PAY-20260805-00255,255,PAID,QR,420000,000201010212LUNARAPAY-20260805-00255420000,2026-07-30 23:30:00,\N,2026-07-30 11:32:00,2026-07-30 23:30:00
256,PAY-20260807-00256,256,PAID,AT_SPA,520000,\N,2026-08-07 13:27:00,\N,2026-07-30 11:32:00,2026-08-07 13:27:00
257,PAY-20260601-00257,257,PAID,QR,580000,000201010212LUNARAPAY-20260601-00257580000,2026-05-21 18:30:00,\N,2026-05-21 13:32:00,2026-05-21 18:30:00
258,PAY-20260610-00258,258,PAID,AT_SPA,580000,\N,2026-06-10 08:57:00,\N,2026-05-31 08:02:00,2026-06-10 08:57:00
259,PAY-20260827-00259,259,PAID,QR,650000,000201010212LUNARAPAY-20260827-00259650000,2026-08-11 17:30:00,\N,2026-08-11 08:32:00,2026-08-11 17:30:00
260,PAY-20260624-00260,260,PAID,AT_SPA,920000,\N,2026-06-24 10:49:00,\N,2026-06-11 06:02:00,2026-06-24 10:49:00
261,PAY-20260622-00261,261,PAID,CARD,820000,\N,2026-06-12 13:00:00,\N,2026-06-12 11:02:00,2026-06-12 13:00:00
262,PAY-20260805-00262,262,PAID,CARD,480000,\N,2026-08-04 12:00:00,\N,2026-08-04 08:02:00,2026-08-04 12:00:00
263,PAY-20260821-00263,263,PAID,QR,940000,000201010212LUNARAPAY-20260821-00263940000,2026-08-19 13:30:00,\N,2026-08-19 12:32:00,2026-08-19 13:30:00
264,PAY-20260630-00264,264,PAID,QR,750000,000201010212LUNARAPAY-20260630-00264750000,2026-06-17 12:30:00,\N,2026-06-17 11:32:00,2026-06-17 12:30:00
265,PAY-20260808-00265,265,PAID,CARD,420000,\N,2026-08-07 17:00:00,\N,2026-08-07 07:02:00,2026-08-07 17:00:00
266,PAY-20260604-00266,266,PAID,AT_SPA,470000,\N,2026-06-04 10:53:00,\N,2026-05-20 11:02:00,2026-06-04 10:53:00
267,PAY-20260616-00267,267,PAID,CARD,720000,\N,2026-05-29 18:30:00,\N,2026-05-29 11:32:00,2026-05-29 18:30:00
268,PAY-20260707-00268,268,PAID,CARD,970000,\N,2026-06-25 22:30:00,\N,2026-06-25 13:32:00,2026-06-25 22:30:00
269,PAY-20260716-00269,269,PAID,AT_SPA,630000,\N,2026-07-16 15:25:00,\N,2026-07-06 12:32:00,2026-07-16 15:25:00
270,PAY-20260825-00270,270,PAID,AT_SPA,280000,\N,2026-08-25 13:25:00,\N,2026-08-08 10:32:00,2026-08-25 13:25:00
271,PAY-20260601-00271,271,PAID,AT_SPA,720000,\N,2026-06-01 15:26:00,\N,2026-05-23 14:32:00,2026-06-01 15:26:00
272,PAY-20260709-00272,272,PAID,AT_SPA,1040000,\N,2026-07-09 08:52:00,\N,2026-07-05 07:02:00,2026-07-09 08:52:00
273,PAY-20260805-00273,273,PAID,AT_SPA,470000,\N,2026-08-05 08:51:00,\N,2026-08-03 08:02:00,2026-08-05 08:51:00
274,PAY-20260806-00274,274,PAID,AT_SPA,700000,\N,2026-08-06 10:48:00,\N,2026-07-24 09:02:00,2026-08-06 10:48:00
275,PAY-20260627-00275,275,PAID,AT_SPA,520000,\N,2026-06-27 13:27:00,\N,2026-06-19 10:32:00,2026-06-27 13:27:00
276,PAY-20260810-00276,276,PAID,QR,280000,000201010212LUNARAPAY-20260810-00276280000,2026-08-09 12:00:00,\N,2026-08-09 07:02:00,2026-08-09 12:00:00
277,PAY-20260806-00277,277,PAID,CARD,330000,\N,2026-07-21 22:00:00,\N,2026-07-21 11:02:00,2026-07-21 22:00:00
278,PAY-20260723-00278,278,PAID,QR,280000,000201010212LUNARAPAY-20260723-00278280000,2026-07-17 07:00:00,\N,2026-07-17 04:02:00,2026-07-17 07:00:00
279,PAY-20260815-00279,279,PAID,AT_SPA,770000,\N,2026-08-15 13:22:00,\N,2026-08-04 07:32:00,2026-08-15 13:22:00
280,PAY-20260612-00280,280,PAID,QR,820000,000201010212LUNARAPAY-20260612-00280820000,2026-06-04 21:30:00,\N,2026-06-04 13:32:00,2026-06-04 21:30:00
281,PAY-20260615-00281,281,PAID,AT_SPA,730000,\N,2026-06-15 13:26:00,\N,2026-06-10 09:32:00,2026-06-15 13:26:00
282,PAY-20260613-00282,282,PAID,AT_SPA,820000,\N,2026-06-13 10:55:00,\N,2026-06-07 08:02:00,2026-06-13 10:55:00
283,PAY-20260827-00283,283,PAID,QR,250000,000201010212LUNARAPAY-20260827-00283250000,2026-08-23 15:30:00,\N,2026-08-23 11:32:00,2026-08-23 15:30:00
284,PAY-20260811-00284,284,PAID,AT_SPA,350000,\N,2026-08-11 13:27:00,\N,2026-08-09 10:32:00,2026-08-11 13:27:00
285,PAY-20260801-00285,285,PAID,AT_SPA,250000,\N,2026-08-01 10:50:00,\N,2026-07-14 11:02:00,2026-08-01 10:50:00
286,PAY-20260820-00286,286,PAID,AT_SPA,770000,\N,2026-08-20 10:55:00,\N,2026-08-18 10:02:00,2026-08-20 10:55:00
287,PAY-20260902-00287,287,PAID,QR,850000,000201010212LUNARAPAY-20260902-00287850000,2026-08-20 00:30:00,\N,2026-08-19 12:32:00,2026-08-20 00:30:00
288,PAY-20260714-00288,288,PAID,QR,820000,000201010212LUNARAPAY-20260714-00288820000,2026-07-01 15:30:00,\N,2026-07-01 12:32:00,2026-07-01 15:30:00
289,PAY-20260605-00289,289,PAID,AT_SPA,850000,\N,2026-06-05 10:53:00,\N,2026-05-28 09:02:00,2026-06-05 10:53:00
290,PAY-20260805-00290,290,PAID,AT_SPA,520000,\N,2026-08-05 10:52:00,\N,2026-07-25 10:02:00,2026-08-05 10:52:00
291,PAY-20260714-00291,291,PAID,AT_SPA,920000,\N,2026-07-14 08:54:00,\N,2026-07-04 07:02:00,2026-07-14 08:54:00
292,PAY-20260629-00292,292,PAID,CARD,410000,\N,2026-06-26 20:30:00,\N,2026-06-26 13:32:00,2026-06-26 20:30:00
293,PAY-20260623-00293,293,PAID,CARD,480000,\N,2026-06-06 10:00:00,\N,2026-06-06 03:02:00,2026-06-06 10:00:00
294,PAY-20260822-00294,294,PAID,AT_SPA,350000,\N,2026-08-22 10:57:00,\N,2026-08-12 11:02:00,2026-08-22 10:57:00
295,PAY-20260604-00295,295,PAID,AT_SPA,630000,\N,2026-06-04 15:23:00,\N,2026-05-31 13:32:00,2026-06-04 15:23:00
296,PAY-20260708-00296,296,PAID,CARD,520000,\N,2026-06-21 19:30:00,\N,2026-06-21 11:32:00,2026-06-21 19:30:00
297,PAY-20260812-00297,297,PAID,CARD,630000,\N,2026-07-26 19:00:00,\N,2026-07-26 08:02:00,2026-07-26 19:00:00
298,PAY-20260609-00298,298,PAID,QR,250000,000201010212LUNARAPAY-20260609-00298250000,2026-06-01 16:30:00,\N,2026-06-01 09:32:00,2026-06-01 16:30:00
299,PAY-20260801-00299,299,PAID,AT_SPA,480000,\N,2026-08-01 10:50:00,\N,2026-07-27 09:02:00,2026-08-01 10:50:00
300,PAY-20260625-00300,300,PAID,QR,580000,000201010212LUNARAPAY-20260625-00300580000,2026-06-12 02:30:00,\N,2026-06-11 15:32:00,2026-06-12 02:30:00
301,PAY-20261009-00301,301,FAILED,CARD,650000,\N,\N,\N,2026-09-15 14:02:00,2026-09-15 14:02:00
302,PAY-20261013-00302,302,UNPAID,CARD,520000,\N,\N,\N,2026-09-14 10:02:00,2026-09-14 10:02:00
303,PAY-20261024-00303,303,UNPAID,QR,420000,000201010212LUNARAPAY-20261024-00303420000,\N,\N,2026-09-15 09:02:00,2026-09-15 09:02:00
304,PAY-20260917-00304,304,FAILED,QR,420000,000201010212LUNARAPAY-20260917-00304420000,\N,\N,2026-09-07 08:02:00,2026-09-07 08:02:00
305,PAY-20261017-00305,305,UNPAID,QR,850000,000201010212LUNARAPAY-20261017-00305850000,\N,\N,2026-09-14 13:02:00,2026-09-14 13:02:00
306,PAY-20261021-00306,306,UNPAID,CARD,420000,\N,\N,\N,2026-09-14 13:02:00,2026-09-14 13:02:00
307,PAY-20260923-00307,307,UNPAID,CARD,850000,\N,\N,\N,2026-09-05 14:02:00,2026-09-05 14:02:00
308,PAY-20260925-00308,308,UNPAID,QR,250000,000201010212LUNARAPAY-20260925-00308250000,\N,\N,2026-09-10 05:02:00,2026-09-10 05:02:00
309,PAY-20261014-00309,309,FAILED,QR,280000,000201010212LUNARAPAY-20261014-00309280000,\N,\N,2026-09-14 05:02:00,2026-09-14 05:02:00
310,PAY-20261019-00310,310,UNPAID,QR,480000,000201010212LUNARAPAY-20261019-00310480000,\N,\N,2026-09-15 12:02:00,2026-09-15 12:02:00
311,PAY-20260922-00311,311,UNPAID,AT_SPA,520000,\N,\N,\N,2026-09-14 22:02:00,2026-09-14 22:02:00
312,PAY-20261009-00312,312,FAILED,QR,250000,000201010212LUNARAPAY-20261009-00312250000,\N,\N,2026-09-14 06:02:00,2026-09-14 06:02:00
313,PAY-20261007-00313,313,UNPAID,AT_SPA,580000,\N,\N,\N,2026-09-14 07:02:00,2026-09-14 07:02:00
314,PAY-20261015-00314,314,UNPAID,QR,720000,000201010212LUNARAPAY-20261015-00314720000,\N,\N,2026-09-14 03:02:00,2026-09-14 03:02:00
315,PAY-20261023-00315,315,UNPAID,CARD,920000,\N,\N,\N,2026-09-14 05:02:00,2026-09-14 05:02:00
316,PAY-20261006-00316,316,UNPAID,CARD,650000,\N,\N,\N,2026-09-15 06:02:00,2026-09-15 06:02:00
317,PAY-20260924-00317,317,UNPAID,CARD,820000,\N,\N,\N,2026-09-13 06:02:00,2026-09-13 06:02:00
318,PAY-20261029-00318,318,UNPAID,CARD,350000,\N,\N,\N,2026-09-15 14:02:00,2026-09-15 14:02:00
319,PAY-20261030-00319,319,FAILED,CARD,420000,\N,\N,\N,2026-09-15 01:02:00,2026-09-15 01:02:00
320,PAY-20260917-00320,320,UNPAID,CARD,420000,\N,\N,\N,2026-09-10 14:02:00,2026-09-10 14:02:00
321,PAY-20260928-00321,321,UNPAID,QR,650000,000201010212LUNARAPAY-20260928-00321650000,\N,\N,2026-09-14 16:02:00,2026-09-14 16:02:00
322,PAY-20261009-00322,322,UNPAID,AT_SPA,250000,\N,\N,\N,2026-09-14 09:02:00,2026-09-14 09:02:00
323,PAY-20260921-00323,323,FAILED,CARD,280000,\N,\N,\N,2026-09-12 14:02:00,2026-09-12 14:02:00
324,PAY-20261010-00324,324,UNPAID,AT_SPA,520000,\N,\N,\N,2026-09-14 03:02:00,2026-09-14 03:02:00
325,PAY-20261026-00325,325,UNPAID,CARD,250000,\N,\N,\N,2026-09-15 00:02:00,2026-09-15 00:02:00
326,PAY-20261027-00326,326,UNPAID,QR,470000,000201010212LUNARAPAY-20261027-00326470000,\N,\N,2026-09-15 04:02:00,2026-09-15 04:02:00
327,PAY-20260918-00327,327,FAILED,AT_SPA,250000,\N,\N,\N,2026-09-09 03:02:00,2026-09-09 03:02:00
328,PAY-20261026-00328,328,UNPAID,CARD,800000,\N,\N,\N,2026-09-14 22:02:00,2026-09-14 22:02:00
329,PAY-20260922-00329,329,UNPAID,CARD,850000,\N,\N,\N,2026-09-04 13:02:00,2026-09-04 13:02:00
330,PAY-20260919-00330,330,UNPAID,CARD,350000,\N,\N,\N,2026-09-14 22:02:00,2026-09-14 22:02:00
331,PAY-20260928-00331,331,UNPAID,CARD,850000,\N,\N,\N,2026-09-14 17:02:00,2026-09-14 17:02:00
332,PAY-20260923-00332,332,FAILED,CARD,650000,\N,\N,\N,2026-09-14 13:32:00,2026-09-14 13:32:00
333,PAY-20261013-00333,333,UNPAID,AT_SPA,410000,\N,\N,\N,2026-09-14 14:02:00,2026-09-14 14:02:00
334,PAY-20260921-00334,334,UNPAID,CARD,520000,\N,\N,\N,2026-09-10 09:02:00,2026-09-10 09:02:00
335,PAY-20261007-00335,335,UNPAID,CARD,480000,\N,\N,\N,2026-09-14 07:02:00,2026-09-14 07:02:00
336,PAY-20261021-00336,336,UNPAID,CARD,520000,\N,\N,\N,2026-09-14 20:02:00,2026-09-14 20:02:00
337,PAY-20260926-00337,337,UNPAID,AT_SPA,480000,\N,\N,\N,2026-09-14 14:02:00,2026-09-14 14:02:00
338,PAY-20261023-00338,338,UNPAID,AT_SPA,420000,\N,\N,\N,2026-09-14 13:02:00,2026-09-14 13:02:00
339,PAY-20261008-00339,339,UNPAID,AT_SPA,420000,\N,\N,\N,2026-09-14 12:02:00,2026-09-14 12:02:00
340,PAY-20261019-00340,340,UNPAID,AT_SPA,820000,\N,\N,\N,2026-09-15 07:02:00,2026-09-15 07:02:00
341,PAY-20260922-00341,341,UNPAID,QR,870000,000201010212LUNARAPAY-20260922-00341870000,\N,\N,2026-09-07 07:02:00,2026-09-07 07:02:00
342,PAY-20260925-00342,342,UNPAID,CARD,580000,\N,\N,\N,2026-09-15 07:02:00,2026-09-15 07:02:00
343,PAY-20261005-00343,343,UNPAID,CARD,450000,\N,\N,\N,2026-09-15 02:02:00,2026-09-15 02:02:00
344,PAY-20261023-00344,344,UNPAID,QR,350000,000201010212LUNARAPAY-20261023-00344350000,\N,\N,2026-09-14 11:02:00,2026-09-14 11:02:00
345,PAY-20261016-00345,345,UNPAID,CARD,520000,\N,\N,\N,2026-09-15 14:02:00,2026-09-15 14:02:00
346,PAY-20260921-00346,346,UNPAID,QR,410000,000201010212LUNARAPAY-20260921-00346410000,\N,\N,2026-09-03 09:32:00,2026-09-03 09:32:00
347,PAY-20260925-00347,347,FAILED,CARD,480000,\N,\N,\N,2026-09-14 14:02:00,2026-09-14 14:02:00
348,PAY-20260929-00348,348,UNPAID,AT_SPA,860000,\N,\N,\N,2026-09-11 12:02:00,2026-09-11 12:02:00
349,PAY-20261027-00349,349,UNPAID,QR,650000,000201010212LUNARAPAY-20261027-00349650000,\N,\N,2026-09-15 11:02:00,2026-09-15 11:02:00
350,PAY-20261003-00350,350,UNPAID,AT_SPA,410000,\N,\N,\N,2026-09-15 09:02:00,2026-09-15 09:02:00
351,PAY-20261017-00351,351,FAILED,AT_SPA,650000,\N,\N,\N,2026-09-14 12:02:00,2026-09-14 12:02:00
352,PAY-20260916-00352,352,FAILED,QR,480000,000201010212LUNARAPAY-20260916-00352480000,\N,\N,2026-09-08 15:02:00,2026-09-08 15:02:00
353,PAY-20260918-00353,353,UNPAID,AT_SPA,720000,\N,\N,\N,2026-09-13 16:02:00,2026-09-13 16:02:00
354,PAY-20261030-00354,354,UNPAID,AT_SPA,470000,\N,\N,\N,2026-09-14 20:02:00,2026-09-14 20:02:00
355,PAY-20261024-00355,355,UNPAID,QR,650000,000201010212LUNARAPAY-20261024-00355650000,\N,\N,2026-09-15 12:02:00,2026-09-15 12:02:00
356,PAY-20261022-00356,356,UNPAID,CARD,650000,\N,\N,\N,2026-09-14 18:02:00,2026-09-14 18:02:00
357,PAY-20261031-00357,357,FAILED,CARD,280000,\N,\N,\N,2026-09-14 13:02:00,2026-09-14 13:02:00
358,PAY-20261010-00358,358,UNPAID,QR,330000,000201010212LUNARAPAY-20261010-00358330000,\N,\N,2026-09-14 13:02:00,2026-09-14 13:02:00
359,PAY-20261017-00359,359,UNPAID,QR,480000,000201010212LUNARAPAY-20261017-00359480000,\N,\N,2026-09-15 11:02:00,2026-09-15 11:02:00
360,PAY-20261014-00360,360,FAILED,AT_SPA,520000,\N,\N,\N,2026-09-14 04:02:00,2026-09-14 04:02:00
361,PAY-20261001-00361,361,UNPAID,AT_SPA,580000,\N,\N,\N,2026-09-15 02:02:00,2026-09-15 02:02:00
362,PAY-20261019-00362,362,UNPAID,AT_SPA,520000,\N,\N,\N,2026-09-14 03:02:00,2026-09-14 03:02:00
363,PAY-20261030-00363,363,UNPAID,QR,480000,000201010212LUNARAPAY-20261030-00363480000,\N,\N,2026-09-15 01:02:00,2026-09-15 01:02:00
364,PAY-20261029-00364,364,UNPAID,AT_SPA,1040000,\N,\N,\N,2026-09-15 00:02:00,2026-09-15 00:02:00
365,PAY-20261015-00365,365,FAILED,QR,420000,000201010212LUNARAPAY-20261015-00365420000,\N,\N,2026-09-14 07:02:00,2026-09-14 07:02:00
366,PAY-20261002-00366,366,UNPAID,CARD,670000,\N,\N,\N,2026-09-14 12:02:00,2026-09-14 12:02:00
367,PAY-20261022-00367,367,UNPAID,CARD,850000,\N,\N,\N,2026-09-15 03:02:00,2026-09-15 03:02:00
368,PAY-20261016-00368,368,UNPAID,QR,720000,000201010212LUNARAPAY-20261016-00368720000,\N,\N,2026-09-14 16:02:00,2026-09-14 16:02:00
369,PAY-20260916-00369,369,UNPAID,AT_SPA,350000,\N,\N,\N,2026-09-03 09:02:00,2026-09-03 09:02:00
370,PAY-20261020-00370,370,UNPAID,QR,700000,000201010212LUNARAPAY-20261020-00370700000,\N,\N,2026-09-14 16:02:00,2026-09-14 16:02:00
371,PAY-20260925-00371,371,PAID,CARD,630000,\N,2026-09-15 12:00:00,\N,2026-09-15 07:02:00,2026-09-15 12:00:00
372,PAY-20260929-00372,372,PAID,AT_SPA,250000,\N,2026-09-14 06:00:00,\N,2026-09-14 05:02:00,2026-09-14 06:00:00
373,PAY-20260922-00373,373,PAID,CARD,250000,\N,2026-09-15 14:00:00,\N,2026-09-15 03:02:00,2026-09-15 14:00:00
374,PAY-20261015-00374,374,PAID,AT_SPA,250000,\N,2026-09-15 01:00:00,\N,2026-09-14 14:02:00,2026-09-15 01:00:00
375,PAY-20261022-00375,375,PAID,CARD,520000,\N,2026-09-15 06:00:00,\N,2026-09-14 20:02:00,2026-09-15 06:00:00
376,PAY-20260916-00376,376,PAID,CARD,590000,\N,2026-09-04 06:00:00,\N,2026-09-04 03:02:00,2026-09-04 06:00:00
377,PAY-20260928-00377,377,PAID,CARD,420000,\N,2026-09-15 03:00:00,\N,2026-09-14 22:02:00,2026-09-15 03:00:00
378,PAY-20261015-00378,378,PAID,AT_SPA,470000,\N,2026-09-15 18:00:00,\N,2026-09-15 06:02:00,2026-09-15 18:00:00
379,PAY-20261019-00379,379,PAID,AT_SPA,450000,\N,2026-09-15 03:00:00,\N,2026-09-14 20:02:00,2026-09-15 03:00:00
380,PAY-20260923-00380,380,PAID,AT_SPA,760000,\N,2026-09-15 07:00:00,\N,2026-09-15 02:02:00,2026-09-15 07:00:00
381,PAY-20261021-00381,381,PAID,AT_SPA,520000,\N,2026-09-14 10:00:00,\N,2026-09-14 05:02:00,2026-09-14 10:00:00
382,PAY-20260926-00382,382,PAID,QR,470000,000201010212LUNARAPAY-20260926-00382470000,2026-09-12 23:30:00,\N,2026-09-12 12:32:00,2026-09-12 23:30:00
383,PAY-20261016-00383,383,PAID,CARD,350000,\N,2026-09-15 13:00:00,\N,2026-09-15 11:02:00,2026-09-15 13:00:00
384,PAY-20261010-00384,384,PAID,CARD,330000,\N,2026-09-15 19:00:00,\N,2026-09-15 07:02:00,2026-09-15 19:00:00
385,PAY-20260921-00385,385,PAID,CARD,520000,\N,2026-09-15 05:00:00,\N,2026-09-14 22:02:00,2026-09-15 05:00:00
386,PAY-20261017-00386,386,PAID,AT_SPA,280000,\N,2026-09-15 00:00:00,\N,2026-09-14 19:02:00,2026-09-15 00:00:00
387,PAY-20261009-00387,387,PAID,AT_SPA,250000,\N,2026-09-14 18:00:00,\N,2026-09-14 14:02:00,2026-09-14 18:00:00
388,PAY-20261005-00388,388,PAID,QR,810000,000201010212LUNARAPAY-20261005-00388810000,2026-09-15 10:00:00,\N,2026-09-15 08:02:00,2026-09-15 10:00:00
389,PAY-20261013-00389,389,PAID,QR,350000,000201010212LUNARAPAY-20261013-00389350000,2026-09-15 02:00:00,\N,2026-09-14 23:02:00,2026-09-15 02:00:00
390,PAY-20261024-00390,390,PAID,AT_SPA,780000,\N,2026-09-14 11:00:00,\N,2026-09-14 07:02:00,2026-09-14 11:00:00
391,PAY-20261013-00391,391,PAID,CARD,250000,\N,2026-09-14 13:00:00,\N,2026-09-14 11:02:00,2026-09-14 13:00:00
392,PAY-20261010-00392,392,PAID,AT_SPA,450000,\N,2026-09-15 17:00:00,\N,2026-09-15 10:02:00,2026-09-15 17:00:00
393,PAY-20261027-00393,393,PAID,QR,480000,000201010212LUNARAPAY-20261027-00393480000,2026-09-15 09:00:00,\N,2026-09-15 04:02:00,2026-09-15 09:00:00
394,PAY-20260925-00394,394,PAID,AT_SPA,720000,\N,2026-09-15 13:00:00,\N,2026-09-15 06:02:00,2026-09-15 13:00:00
395,PAY-20260929-00395,395,PAID,CARD,520000,\N,2026-09-14 21:00:00,\N,2026-09-14 16:02:00,2026-09-14 21:00:00
396,PAY-20260922-00396,396,PAID,QR,650000,000201010212LUNARAPAY-20260922-00396650000,2026-09-05 15:30:00,\N,2026-09-05 13:32:00,2026-09-05 15:30:00
397,PAY-20261008-00397,397,PAID,QR,420000,000201010212LUNARAPAY-20261008-00397420000,2026-09-16 00:00:00,\N,2026-09-15 13:02:00,2026-09-16 00:00:00
398,PAY-20260926-00398,398,PAID,QR,650000,000201010212LUNARAPAY-20260926-00398650000,2026-09-15 11:00:00,\N,2026-09-15 08:02:00,2026-09-15 11:00:00
399,PAY-20261001-00399,399,PAID,QR,450000,000201010212LUNARAPAY-20261001-00399450000,2026-09-14 13:30:00,\N,2026-09-14 11:32:00,2026-09-14 13:30:00
400,PAY-20261015-00400,400,PAID,AT_SPA,350000,\N,2026-09-15 17:00:00,\N,2026-09-15 07:02:00,2026-09-15 17:00:00
401,PAY-20260929-00401,401,PAID,AT_SPA,650000,\N,2026-09-14 22:00:00,\N,2026-09-14 16:02:00,2026-09-14 22:00:00
402,PAY-20261006-00402,402,PAID,CARD,250000,\N,2026-09-15 14:00:00,\N,2026-09-15 11:02:00,2026-09-15 14:00:00
403,PAY-20260919-00403,403,PAID,AT_SPA,330000,\N,2026-09-06 13:00:00,\N,2026-09-06 06:02:00,2026-09-06 13:00:00
404,PAY-20260917-00404,404,PAID,AT_SPA,810000,\N,2026-09-15 10:00:00,\N,2026-09-15 07:02:00,2026-09-15 10:00:00
405,PAY-20261007-00405,405,PAID,AT_SPA,450000,\N,2026-09-15 14:00:00,\N,2026-09-15 13:02:00,2026-09-15 14:00:00
406,PAY-20261002-00406,406,PAID,QR,630000,000201010212LUNARAPAY-20261002-00406630000,2026-09-15 11:00:00,\N,2026-09-15 08:02:00,2026-09-15 11:00:00
407,PAY-20260918-00407,407,PAID,AT_SPA,350000,\N,2026-09-15 12:00:00,\N,2026-09-15 09:02:00,2026-09-15 12:00:00
408,PAY-20261028-00408,408,PAID,CARD,480000,\N,2026-09-14 15:00:00,\N,2026-09-14 09:02:00,2026-09-14 15:00:00
409,PAY-20261005-00409,409,PAID,QR,520000,000201010212LUNARAPAY-20261005-00409520000,2026-09-15 09:00:00,\N,2026-09-15 03:02:00,2026-09-15 09:00:00
410,PAY-20260924-00410,410,PAID,AT_SPA,650000,\N,2026-09-06 18:30:00,\N,2026-09-06 14:32:00,2026-09-06 18:30:00
411,PAY-20260921-00411,411,PAID,CARD,760000,\N,2026-09-10 14:00:00,\N,2026-09-10 08:02:00,2026-09-10 14:00:00
412,PAY-20260916-00412,412,PAID,AT_SPA,350000,\N,2026-09-05 09:00:00,\N,2026-09-05 05:02:00,2026-09-05 09:00:00
413,PAY-20261023-00413,413,PAID,QR,520000,000201010212LUNARAPAY-20261023-00413520000,2026-09-14 15:00:00,\N,2026-09-14 08:02:00,2026-09-14 15:00:00
414,PAY-20261022-00414,414,PAID,QR,850000,000201010212LUNARAPAY-20261022-00414850000,2026-09-14 16:00:00,\N,2026-09-14 08:02:00,2026-09-14 16:00:00
415,PAY-20261030-00415,415,PAID,AT_SPA,580000,\N,2026-09-15 04:00:00,\N,2026-09-15 00:02:00,2026-09-15 04:00:00
416,PAY-20260928-00416,416,PAID,CARD,420000,\N,2026-09-15 21:00:00,\N,2026-09-15 11:02:00,2026-09-15 21:00:00
417,PAY-20261021-00417,417,PAID,QR,650000,000201010212LUNARAPAY-20261021-00417650000,2026-09-14 18:00:00,\N,2026-09-14 16:02:00,2026-09-14 18:00:00
418,PAY-20261026-00418,418,PAID,AT_SPA,350000,\N,2026-09-14 20:00:00,\N,2026-09-14 12:02:00,2026-09-14 20:00:00
419,PAY-20260917-00419,419,PAID,CARD,520000,\N,2026-09-01 17:30:00,\N,2026-09-01 12:32:00,2026-09-01 17:30:00
420,PAY-20261023-00420,420,PAID,AT_SPA,820000,\N,2026-09-14 23:00:00,\N,2026-09-14 12:02:00,2026-09-14 23:00:00
421,PAY-20261007-00421,421,PAID,AT_SPA,250000,\N,2026-09-15 02:00:00,\N,2026-09-14 23:02:00,2026-09-15 02:00:00
422,PAY-20260928-00422,422,PAID,CARD,580000,\N,2026-09-15 18:00:00,\N,2026-09-15 12:02:00,2026-09-15 18:00:00
423,PAY-20260919-00423,423,PAID,CARD,670000,\N,2026-09-05 14:00:00,\N,2026-09-05 07:02:00,2026-09-05 14:00:00
424,PAY-20261008-00424,424,PAID,QR,820000,000201010212LUNARAPAY-20261008-00424820000,2026-09-15 07:00:00,\N,2026-09-14 20:02:00,2026-09-15 07:00:00
425,PAY-20261028-00425,425,PAID,AT_SPA,650000,\N,2026-09-15 01:00:00,\N,2026-09-14 14:02:00,2026-09-15 01:00:00
426,PAY-20261014-00426,426,PAID,QR,420000,000201010212LUNARAPAY-20261014-00426420000,2026-09-15 13:00:00,\N,2026-09-15 12:02:00,2026-09-15 13:00:00
427,PAY-20260918-00427,427,PAID,AT_SPA,450000,\N,2026-09-13 14:00:00,\N,2026-09-13 11:02:00,2026-09-13 14:00:00
428,PAY-20261021-00428,428,PAID,QR,850000,000201010212LUNARAPAY-20261021-00428850000,2026-09-14 16:00:00,\N,2026-09-14 10:02:00,2026-09-14 16:00:00
429,PAY-20261027-00429,429,PAID,CARD,520000,\N,2026-09-14 07:00:00,\N,2026-09-14 03:02:00,2026-09-14 07:00:00
430,PAY-20261017-00430,430,PAID,CARD,480000,\N,2026-09-15 07:00:00,\N,2026-09-14 20:02:00,2026-09-15 07:00:00
431,PAY-20261029-00431,431,PAID,AT_SPA,250000,\N,2026-09-14 23:00:00,\N,2026-09-14 22:02:00,2026-09-14 23:00:00
432,PAY-20260922-00432,432,PAID,AT_SPA,920000,\N,2026-09-07 17:00:00,\N,2026-09-07 08:02:00,2026-09-07 17:00:00
433,PAY-20261003-00433,433,PAID,QR,350000,000201010212LUNARAPAY-20261003-00433350000,2026-09-14 15:00:00,\N,2026-09-14 12:02:00,2026-09-14 15:00:00
434,PAY-20261023-00434,434,PAID,AT_SPA,250000,\N,2026-09-14 13:00:00,\N,2026-09-14 06:02:00,2026-09-14 13:00:00
435,PAY-20261030-00435,435,PAID,CARD,580000,\N,2026-09-15 09:00:00,\N,2026-09-14 22:02:00,2026-09-15 09:00:00
436,PAY-20260925-00436,436,PAID,AT_SPA,850000,\N,2026-09-13 16:30:00,\N,2026-09-13 10:32:00,2026-09-13 16:30:00
437,PAY-20261010-00437,437,PAID,CARD,760000,\N,2026-09-14 11:00:00,\N,2026-09-14 03:02:00,2026-09-14 11:00:00
438,PAY-20260919-00438,438,PAID,QR,850000,000201010212LUNARAPAY-20260919-00438850000,2026-09-07 16:30:00,\N,2026-09-07 12:32:00,2026-09-07 16:30:00
439,PAY-20261013-00439,439,PAID,AT_SPA,750000,\N,2026-09-14 16:00:00,\N,2026-09-14 14:02:00,2026-09-14 16:00:00
440,PAY-20261012-00440,440,PAID,QR,590000,000201010212LUNARAPAY-20261012-00440590000,2026-09-15 03:00:00,\N,2026-09-14 19:02:00,2026-09-15 03:00:00
441,PAY-20261014-00441,441,PAID,QR,480000,000201010212LUNARAPAY-20261014-00441480000,2026-09-15 06:00:00,\N,2026-09-15 03:02:00,2026-09-15 06:00:00
442,PAY-20261015-00442,442,PAID,AT_SPA,420000,\N,2026-09-15 00:00:00,\N,2026-09-14 15:02:00,2026-09-15 00:00:00
443,PAY-20261030-00443,443,PAID,AT_SPA,330000,\N,2026-09-14 18:00:00,\N,2026-09-14 09:02:00,2026-09-14 18:00:00
444,PAY-20261029-00444,444,PAID,AT_SPA,810000,\N,2026-09-15 00:00:00,\N,2026-09-14 16:02:00,2026-09-15 00:00:00
445,PAY-20260918-00445,445,PAID,CARD,580000,\N,2026-09-04 00:30:00,\N,2026-09-03 15:32:00,2026-09-04 00:30:00
446,PAY-20260919-00446,446,PAID,AT_SPA,650000,\N,2026-09-13 11:30:00,\N,2026-09-13 09:32:00,2026-09-13 11:30:00
447,PAY-20261015-00447,447,PAID,AT_SPA,420000,\N,2026-09-15 21:00:00,\N,2026-09-15 12:02:00,2026-09-15 21:00:00
448,PAY-20261031-00448,448,PAID,AT_SPA,650000,\N,2026-09-15 15:00:00,\N,2026-09-15 04:02:00,2026-09-15 15:00:00
449,PAY-20261030-00449,449,PAID,AT_SPA,580000,\N,2026-09-14 13:00:00,\N,2026-09-14 07:02:00,2026-09-14 13:00:00
450,PAY-20261012-00450,450,PAID,AT_SPA,520000,\N,2026-09-15 15:00:00,\N,2026-09-15 11:02:00,2026-09-15 15:00:00
451,PAY-20261010-00451,451,PAID,QR,630000,000201010212LUNARAPAY-20261010-00451630000,2026-09-15 16:00:00,\N,2026-09-15 10:02:00,2026-09-15 16:00:00
452,PAY-20261021-00452,452,PAID,QR,480000,000201010212LUNARAPAY-20261021-00452480000,2026-09-15 01:00:00,\N,2026-09-14 17:02:00,2026-09-15 01:00:00
453,PAY-20261006-00453,453,PAID,CARD,720000,\N,2026-09-15 11:00:00,\N,2026-09-15 08:02:00,2026-09-15 11:00:00
454,PAY-20260926-00454,454,PAID,CARD,480000,\N,2026-09-15 17:00:00,\N,2026-09-15 05:02:00,2026-09-15 17:00:00
455,PAY-20260922-00455,455,PAID,CARD,410000,\N,2026-09-14 12:00:00,\N,2026-09-14 04:02:00,2026-09-14 12:00:00
456,PAY-20261030-00456,456,PAID,QR,420000,000201010212LUNARAPAY-20261030-00456420000,2026-09-15 09:00:00,\N,2026-09-14 21:02:00,2026-09-15 09:00:00
457,PAY-20261030-00457,457,PAID,CARD,800000,\N,2026-09-15 17:00:00,\N,2026-09-15 10:02:00,2026-09-15 17:00:00
458,PAY-20261001-00458,458,PAID,AT_SPA,480000,\N,2026-09-15 04:00:00,\N,2026-09-15 02:02:00,2026-09-15 04:00:00
459,PAY-20261015-00459,459,PAID,CARD,350000,\N,2026-09-14 19:00:00,\N,2026-09-14 11:02:00,2026-09-14 19:00:00
460,PAY-20261023-00460,460,PAID,AT_SPA,850000,\N,2026-09-14 06:00:00,\N,2026-09-14 05:02:00,2026-09-14 06:00:00
461,PAY-20260923-00461,461,PAID,CARD,580000,\N,2026-09-10 16:30:00,\N,2026-09-10 14:32:00,2026-09-10 16:30:00
462,PAY-20261031-00462,462,PAID,AT_SPA,940000,\N,2026-09-15 00:00:00,\N,2026-09-14 14:02:00,2026-09-15 00:00:00
463,PAY-20261023-00463,463,PAID,CARD,810000,\N,2026-09-15 06:00:00,\N,2026-09-15 01:02:00,2026-09-15 06:00:00
464,PAY-20261013-00464,464,PAID,AT_SPA,330000,\N,2026-09-14 15:00:00,\N,2026-09-14 12:02:00,2026-09-14 15:00:00
465,PAY-20260928-00465,465,PAID,QR,720000,000201010212LUNARAPAY-20260928-00465720000,2026-09-14 05:00:00,\N,2026-09-14 03:02:00,2026-09-14 05:00:00
466,PAY-20261020-00466,466,PAID,QR,670000,000201010212LUNARAPAY-20261020-00466670000,2026-09-15 07:00:00,\N,2026-09-15 05:02:00,2026-09-15 07:00:00
467,PAY-20261010-00467,467,PAID,AT_SPA,580000,\N,2026-09-14 22:00:00,\N,2026-09-14 18:02:00,2026-09-14 22:00:00
468,PAY-20261012-00468,468,PAID,QR,420000,000201010212LUNARAPAY-20261012-00468420000,2026-09-15 17:00:00,\N,2026-09-15 12:02:00,2026-09-15 17:00:00
469,PAY-20261024-00469,469,PAID,AT_SPA,590000,\N,2026-09-16 02:00:00,\N,2026-09-15 14:02:00,2026-09-16 02:00:00
470,PAY-20260925-00470,470,PAID,AT_SPA,850000,\N,2026-09-15 11:00:00,\N,2026-09-15 05:02:00,2026-09-15 11:00:00
471,PAY-20261027-00471,471,PAID,QR,330000,000201010212LUNARAPAY-20261027-00471330000,2026-09-15 02:00:00,\N,2026-09-14 21:02:00,2026-09-15 02:00:00
472,PAY-20261016-00472,472,PAID,AT_SPA,580000,\N,2026-09-15 11:00:00,\N,2026-09-15 01:02:00,2026-09-15 11:00:00
473,PAY-20261007-00473,473,PAID,QR,420000,000201010212LUNARAPAY-20261007-00473420000,2026-09-16 02:00:00,\N,2026-09-15 14:02:00,2026-09-16 02:00:00
474,PAY-20260917-00474,474,PAID,QR,350000,000201010212LUNARAPAY-20260917-00474350000,2026-09-04 21:30:00,\N,2026-09-04 09:32:00,2026-09-04 21:30:00
475,PAY-20260930-00475,475,PAID,QR,810000,000201010212LUNARAPAY-20260930-00475810000,2026-09-13 20:30:00,\N,2026-09-13 14:32:00,2026-09-13 20:30:00
476,PAY-20261023-00476,476,PAID,QR,410000,000201010212LUNARAPAY-20261023-00476410000,2026-09-15 02:00:00,\N,2026-09-14 18:02:00,2026-09-15 02:00:00
477,PAY-20261029-00477,477,PAID,QR,850000,000201010212LUNARAPAY-20261029-00477850000,2026-09-14 17:00:00,\N,2026-09-14 12:02:00,2026-09-14 17:00:00
478,PAY-20260925-00478,478,PAID,AT_SPA,720000,\N,2026-09-14 17:00:00,\N,2026-09-14 07:02:00,2026-09-14 17:00:00
479,PAY-20261014-00479,479,PAID,CARD,480000,\N,2026-09-14 22:00:00,\N,2026-09-14 21:02:00,2026-09-14 22:00:00
480,PAY-20261023-00480,480,PAID,AT_SPA,580000,\N,2026-09-15 12:00:00,\N,2026-09-15 08:02:00,2026-09-15 12:00:00
481,PAY-20260929-00481,481,PAID,CARD,650000,\N,2026-09-15 01:00:00,\N,2026-09-14 22:02:00,2026-09-15 01:00:00
482,PAY-20260928-00482,482,PAID,AT_SPA,480000,\N,2026-09-13 09:30:00,\N,2026-09-13 07:32:00,2026-09-13 09:30:00
483,PAY-20261016-00483,483,PAID,AT_SPA,330000,\N,2026-09-15 04:00:00,\N,2026-09-14 23:02:00,2026-09-15 04:00:00
484,PAY-20261027-00484,484,PAID,CARD,870000,\N,2026-09-16 00:00:00,\N,2026-09-15 13:02:00,2026-09-16 00:00:00
485,PAY-20260930-00485,485,PAID,CARD,590000,\N,2026-09-15 05:00:00,\N,2026-09-15 03:02:00,2026-09-15 05:00:00
486,PAY-20261009-00486,486,PAID,QR,670000,000201010212LUNARAPAY-20261009-00486670000,2026-09-15 15:00:00,\N,2026-09-15 09:02:00,2026-09-15 15:00:00
487,PAY-20261005-00487,487,PAID,QR,280000,000201010212LUNARAPAY-20261005-00487280000,2026-09-15 01:00:00,\N,2026-09-14 21:02:00,2026-09-15 01:00:00
488,PAY-20261023-00488,488,PAID,AT_SPA,350000,\N,2026-09-14 20:00:00,\N,2026-09-14 13:02:00,2026-09-14 20:00:00
489,PAY-20261027-00489,489,PAID,AT_SPA,650000,\N,2026-09-15 02:00:00,\N,2026-09-14 14:02:00,2026-09-15 02:00:00
490,PAY-20260923-00490,490,PAID,CARD,580000,\N,2026-09-11 12:00:00,\N,2026-09-11 05:02:00,2026-09-11 12:00:00
491,PAY-20260916-00491,491,PAID,QR,720000,000201010212LUNARAPAY-20260916-00491720000,2026-09-11 13:30:00,\N,2026-09-11 12:32:00,2026-09-11 13:30:00
492,PAY-20261020-00492,492,PAID,CARD,920000,\N,2026-09-15 13:00:00,\N,2026-09-15 04:02:00,2026-09-15 13:00:00
493,PAY-20261012-00493,493,PAID,CARD,350000,\N,2026-09-14 15:00:00,\N,2026-09-14 13:02:00,2026-09-14 15:00:00
494,PAY-20261021-00494,494,PAID,AT_SPA,330000,\N,2026-09-14 14:00:00,\N,2026-09-14 04:02:00,2026-09-14 14:00:00
495,PAY-20261019-00495,495,PAID,CARD,250000,\N,2026-09-15 07:00:00,\N,2026-09-15 03:02:00,2026-09-15 07:00:00
496,PAY-20261014-00496,496,PAID,QR,580000,000201010212LUNARAPAY-20261014-00496580000,2026-09-14 17:00:00,\N,2026-09-14 15:02:00,2026-09-14 17:00:00
497,PAY-20261029-00497,497,PAID,CARD,280000,\N,2026-09-14 14:00:00,\N,2026-09-14 05:02:00,2026-09-14 14:00:00
498,PAY-20260921-00498,498,PAID,AT_SPA,650000,\N,2026-09-14 21:30:00,\N,2026-09-14 10:32:00,2026-09-14 21:30:00
499,PAY-20261012-00499,499,PAID,AT_SPA,480000,\N,2026-09-15 08:00:00,\N,2026-09-14 20:02:00,2026-09-15 08:00:00
500,PAY-20261014-00500,500,PAID,CARD,520000,\N,2026-09-15 00:00:00,\N,2026-09-14 15:02:00,2026-09-15 00:00:00
501,PAY-20261022-00501,501,PAID,CARD,650000,\N,2026-09-14 12:00:00,\N,2026-09-14 07:02:00,2026-09-14 12:00:00
502,PAY-20261009-00502,502,PAID,AT_SPA,250000,\N,2026-09-14 07:00:00,\N,2026-09-14 05:02:00,2026-09-14 07:00:00
503,PAY-20260917-00503,503,PAID,AT_SPA,580000,\N,2026-09-11 06:00:00,\N,2026-09-11 05:02:00,2026-09-11 06:00:00
504,PAY-20261024-00504,504,PAID,QR,580000,000201010212LUNARAPAY-20261024-00504580000,2026-09-14 12:00:00,\N,2026-09-14 03:02:00,2026-09-14 12:00:00
505,PAY-20261002-00505,505,PAID,QR,870000,000201010212LUNARAPAY-20261002-00505870000,2026-09-14 14:00:00,\N,2026-09-14 09:02:00,2026-09-14 14:00:00
506,PAY-20261019-00506,506,PAID,AT_SPA,850000,\N,2026-09-15 22:00:00,\N,2026-09-15 14:02:00,2026-09-15 22:00:00
507,PAY-20260919-00507,507,PAID,QR,480000,000201010212LUNARAPAY-20260919-00507480000,2026-09-07 18:00:00,\N,2026-09-07 11:02:00,2026-09-07 18:00:00
508,PAY-20261017-00508,508,PAID,CARD,350000,\N,2026-09-15 17:00:00,\N,2026-09-15 07:02:00,2026-09-15 17:00:00
509,PAY-20260922-00509,509,PAID,AT_SPA,470000,\N,2026-09-13 00:30:00,\N,2026-09-12 13:32:00,2026-09-13 00:30:00
510,PAY-20261031-00510,510,PAID,CARD,520000,\N,2026-09-15 15:00:00,\N,2026-09-15 11:02:00,2026-09-15 15:00:00
511,PAY-20261005-00511,511,PAID,CARD,580000,\N,2026-09-14 08:00:00,\N,2026-09-14 06:02:00,2026-09-14 08:00:00
512,PAY-20260925-00512,512,PAID,AT_SPA,280000,\N,2026-09-14 18:00:00,\N,2026-09-14 17:02:00,2026-09-14 18:00:00
513,PAY-20261009-00513,513,PAID,AT_SPA,720000,\N,2026-09-15 08:00:00,\N,2026-09-15 00:02:00,2026-09-15 08:00:00
514,PAY-20260917-00514,514,PAID,QR,590000,000201010212LUNARAPAY-20260917-00514590000,2026-09-12 17:00:00,\N,2026-09-12 05:02:00,2026-09-12 17:00:00
515,PAY-20261014-00515,515,PAID,AT_SPA,250000,\N,2026-09-14 07:00:00,\N,2026-09-14 03:02:00,2026-09-14 07:00:00
516,PAY-20261021-00516,516,PAID,AT_SPA,450000,\N,2026-09-14 10:00:00,\N,2026-09-14 09:02:00,2026-09-14 10:00:00
517,PAY-20261012-00517,517,PAID,QR,280000,000201010212LUNARAPAY-20261012-00517280000,2026-09-15 04:00:00,\N,2026-09-14 18:02:00,2026-09-15 04:00:00
518,PAY-20260930-00518,518,PAID,QR,410000,000201010212LUNARAPAY-20260930-00518410000,2026-09-15 03:00:00,\N,2026-09-14 22:02:00,2026-09-15 03:00:00
519,PAY-20260921-00519,519,PAID,CARD,480000,\N,2026-09-05 14:00:00,\N,2026-09-05 11:02:00,2026-09-05 14:00:00
520,PAY-20261028-00520,520,PAID,AT_SPA,420000,\N,2026-09-15 02:00:00,\N,2026-09-14 21:02:00,2026-09-15 02:00:00
521,PAY-20260918-00521,521,PAID,AT_SPA,670000,\N,2026-08-31 18:30:00,\N,2026-08-31 10:32:00,2026-08-31 18:30:00
522,PAY-20261020-00522,522,PAID,CARD,280000,\N,2026-09-15 02:00:00,\N,2026-09-14 23:02:00,2026-09-15 02:00:00
523,PAY-20261001-00523,523,PAID,AT_SPA,480000,\N,2026-09-15 04:00:00,\N,2026-09-15 00:02:00,2026-09-15 04:00:00
524,PAY-20261029-00524,524,PAID,AT_SPA,480000,\N,2026-09-15 02:00:00,\N,2026-09-14 21:02:00,2026-09-15 02:00:00
525,PAY-20261026-00525,525,PAID,AT_SPA,720000,\N,2026-09-14 12:00:00,\N,2026-09-14 10:02:00,2026-09-14 12:00:00
526,PAY-20260917-00526,526,PAID,AT_SPA,420000,\N,2026-09-07 20:00:00,\N,2026-09-07 09:02:00,2026-09-07 20:00:00
527,PAY-20261029-00527,527,PAID,CARD,280000,\N,2026-09-15 07:00:00,\N,2026-09-15 06:02:00,2026-09-15 07:00:00
528,PAY-20260929-00528,528,PAID,QR,450000,000201010212LUNARAPAY-20260929-00528450000,2026-09-15 01:00:00,\N,2026-09-15 00:02:00,2026-09-15 01:00:00
529,PAY-20261003-00529,529,PAID,QR,420000,000201010212LUNARAPAY-20261003-00529420000,2026-09-15 02:00:00,\N,2026-09-14 17:02:00,2026-09-15 02:00:00
530,PAY-20261022-00530,530,PAID,QR,850000,000201010212LUNARAPAY-20261022-00530850000,2026-09-15 07:00:00,\N,2026-09-14 21:02:00,2026-09-15 07:00:00
531,PAY-20261005-00531,531,PAID,CARD,820000,\N,2026-09-15 01:00:00,\N,2026-09-14 18:02:00,2026-09-15 01:00:00
532,PAY-20261017-00532,532,PAID,AT_SPA,420000,\N,2026-09-14 11:00:00,\N,2026-09-14 10:02:00,2026-09-14 11:00:00
533,PAY-20261021-00533,533,PAID,AT_SPA,590000,\N,2026-09-14 14:00:00,\N,2026-09-14 06:02:00,2026-09-14 14:00:00
534,PAY-20261003-00534,534,PAID,QR,580000,000201010212LUNARAPAY-20261003-00534580000,2026-09-15 15:00:00,\N,2026-09-15 08:02:00,2026-09-15 15:00:00
535,PAY-20261031-00535,535,PAID,QR,770000,000201010212LUNARAPAY-20261031-00535770000,2026-09-14 13:00:00,\N,2026-09-14 12:02:00,2026-09-14 13:00:00
536,PAY-20261022-00536,536,PAID,AT_SPA,580000,\N,2026-09-14 11:00:00,\N,2026-09-14 04:02:00,2026-09-14 11:00:00
537,PAY-20261019-00537,537,PAID,QR,850000,000201010212LUNARAPAY-20261019-00537850000,2026-09-15 03:00:00,\N,2026-09-14 15:02:00,2026-09-15 03:00:00
538,PAY-20261002-00538,538,PAID,AT_SPA,520000,\N,2026-09-15 21:00:00,\N,2026-09-15 10:02:00,2026-09-15 21:00:00
539,PAY-20261029-00539,539,PAID,CARD,720000,\N,2026-09-15 02:00:00,\N,2026-09-14 14:02:00,2026-09-15 02:00:00
540,PAY-20261017-00540,540,PAID,CARD,250000,\N,2026-09-15 16:00:00,\N,2026-09-15 13:02:00,2026-09-15 16:00:00
541,PAY-20260919-00541,541,PAID,QR,670000,000201010212LUNARAPAY-20260919-00541670000,2026-09-14 23:30:00,\N,2026-09-14 11:32:00,2026-09-14 23:30:00
542,PAY-20260921-00542,542,PAID,QR,920000,000201010212LUNARAPAY-20260921-00542920000,2026-09-15 17:00:00,\N,2026-09-15 07:02:00,2026-09-15 17:00:00
543,PAY-20261008-00543,543,PAID,AT_SPA,650000,\N,2026-09-16 00:00:00,\N,2026-09-15 13:02:00,2026-09-16 00:00:00
544,PAY-20261014-00544,544,PAID,AT_SPA,250000,\N,2026-09-15 15:00:00,\N,2026-09-15 14:02:00,2026-09-15 15:00:00
545,PAY-20261021-00545,545,PAID,AT_SPA,650000,\N,2026-09-15 02:00:00,\N,2026-09-15 00:02:00,2026-09-15 02:00:00
546,PAY-20261001-00546,546,PAID,CARD,350000,\N,2026-09-15 13:00:00,\N,2026-09-15 12:02:00,2026-09-15 13:00:00
547,PAY-20261003-00547,547,PAID,AT_SPA,670000,\N,2026-09-15 06:00:00,\N,2026-09-15 02:02:00,2026-09-15 06:00:00
548,PAY-20260918-00548,548,PAID,CARD,420000,\N,2026-09-03 16:30:00,\N,2026-09-03 13:32:00,2026-09-03 16:30:00
549,PAY-20260922-00549,549,PAID,QR,250000,000201010212LUNARAPAY-20260922-00549250000,2026-09-08 22:30:00,\N,2026-09-08 12:32:00,2026-09-08 22:30:00
550,PAY-20261012-00550,550,PAID,AT_SPA,450000,\N,2026-09-15 16:00:00,\N,2026-09-15 12:02:00,2026-09-15 16:00:00
551,PAY-20261015-00551,551,PAID,CARD,580000,\N,2026-09-14 21:00:00,\N,2026-09-14 11:02:00,2026-09-14 21:00:00
552,PAY-20261031-00552,552,PAID,QR,670000,000201010212LUNARAPAY-20261031-00552670000,2026-09-14 12:00:00,\N,2026-09-14 04:02:00,2026-09-14 12:00:00
553,PAY-20261020-00553,553,PAID,QR,480000,000201010212LUNARAPAY-20261020-00553480000,2026-09-14 14:00:00,\N,2026-09-14 12:02:00,2026-09-14 14:00:00
554,PAY-20261007-00554,554,PAID,QR,520000,000201010212LUNARAPAY-20261007-00554520000,2026-09-15 17:00:00,\N,2026-09-15 14:02:00,2026-09-15 17:00:00
555,PAY-20261023-00555,555,PAID,AT_SPA,850000,\N,2026-09-15 15:00:00,\N,2026-09-15 04:02:00,2026-09-15 15:00:00
556,PAY-20261024-00556,556,PAID,QR,250000,000201010212LUNARAPAY-20261024-00556250000,2026-09-14 17:00:00,\N,2026-09-14 08:02:00,2026-09-14 17:00:00
557,PAY-20260921-00557,557,PAID,QR,480000,000201010212LUNARAPAY-20260921-00557480000,2026-09-14 14:00:00,\N,2026-09-14 13:02:00,2026-09-14 14:00:00
558,PAY-20261015-00558,558,PAID,AT_SPA,350000,\N,2026-09-14 12:00:00,\N,2026-09-14 03:02:00,2026-09-14 12:00:00
559,PAY-20260925-00559,559,PAID,AT_SPA,420000,\N,2026-09-14 15:00:00,\N,2026-09-14 08:02:00,2026-09-14 15:00:00
560,PAY-20261017-00560,560,PAID,AT_SPA,630000,\N,2026-09-14 22:00:00,\N,2026-09-14 13:02:00,2026-09-14 22:00:00
561,PAY-20260916-00561,561,PAID,QR,480000,000201010212LUNARAPAY-20260916-00561480000,2026-09-13 18:30:00,\N,2026-09-13 07:32:00,2026-09-13 18:30:00
562,PAY-20261024-00562,562,PAID,CARD,420000,\N,2026-09-14 07:00:00,\N,2026-09-14 03:02:00,2026-09-14 07:00:00
563,PAY-20261019-00563,563,PAID,AT_SPA,450000,\N,2026-09-14 15:00:00,\N,2026-09-14 05:02:00,2026-09-14 15:00:00
564,PAY-20261022-00564,564,PAID,QR,280000,000201010212LUNARAPAY-20261022-00564280000,2026-09-14 23:00:00,\N,2026-09-14 18:02:00,2026-09-14 23:00:00
565,PAY-20260923-00565,565,PAID,CARD,280000,\N,2026-09-14 22:00:00,\N,2026-09-14 18:02:00,2026-09-14 22:00:00
566,PAY-20261008-00566,566,PAID,CARD,590000,\N,2026-09-15 11:00:00,\N,2026-09-15 03:02:00,2026-09-15 11:00:00
567,PAY-20261017-00567,567,PAID,CARD,630000,\N,2026-09-14 19:00:00,\N,2026-09-14 16:02:00,2026-09-14 19:00:00
568,PAY-20261002-00568,568,PAID,QR,450000,000201010212LUNARAPAY-20261002-00568450000,2026-09-15 08:00:00,\N,2026-09-14 23:02:00,2026-09-15 08:00:00
569,PAY-20261022-00569,569,PAID,AT_SPA,650000,\N,2026-09-14 20:00:00,\N,2026-09-14 11:02:00,2026-09-14 20:00:00
570,PAY-20261027-00570,570,PAID,CARD,330000,\N,2026-09-15 08:00:00,\N,2026-09-15 00:02:00,2026-09-15 08:00:00
571,PAY-20260915-00571,571,PAID,QR,410000,000201010212LUNARAPAY-20260915-00571410000,2026-09-02 10:00:00,\N,2026-09-02 09:02:00,2026-09-02 10:00:00
572,PAY-20260915-00572,572,PAID,AT_SPA,410000,\N,2026-09-15 08:49:00,\N,2026-09-05 09:02:00,2026-09-15 08:49:00
573,PAY-20260915-00573,573,PAID,AT_SPA,420000,\N,2026-09-15 08:52:00,\N,2026-08-29 04:02:00,2026-09-15 08:52:00
574,PAY-20260915-00574,574,PAID,AT_SPA,330000,\N,2026-09-15 10:54:00,\N,2026-09-13 09:02:00,2026-09-15 10:54:00
575,PAY-20260915-00575,575,PAID,CARD,670000,\N,2026-09-03 15:00:00,\N,2026-09-03 04:02:00,2026-09-03 15:00:00
576,PAY-20260915-00576,576,PAID,CARD,250000,\N,2026-09-12 11:00:00,\N,2026-09-12 09:02:00,2026-09-12 11:00:00
577,PAY-20260915-00577,577,PAID,AT_SPA,770000,\N,2026-09-15 08:57:00,\N,2026-09-09 08:02:00,2026-09-15 08:57:00
578,PAY-20260915-00578,578,PAID,QR,520000,000201010212LUNARAPAY-20260915-00578520000,2026-09-11 13:00:00,\N,2026-09-11 06:02:00,2026-09-11 13:00:00
579,PAY-20260915-00579,579,PAID,QR,720000,000201010212LUNARAPAY-20260915-00579720000,2026-09-04 14:00:00,\N,2026-09-04 08:02:00,2026-09-04 14:00:00
580,PAY-20260915-00580,580,PAID,CARD,580000,\N,2026-09-05 17:00:00,\N,2026-09-05 06:02:00,2026-09-05 17:00:00
581,PAY-20260915-00581,581,PAID,AT_SPA,330000,\N,2026-09-15 13:26:00,\N,2026-09-02 10:32:00,2026-09-15 13:26:00
582,PAY-20260915-00582,582,PAID,CARD,410000,\N,2026-09-02 16:00:00,\N,2026-09-02 09:02:00,2026-09-02 16:00:00
583,PAY-20260915-00583,583,PAID,QR,650000,000201010212LUNARAPAY-20260915-00583650000,2026-09-06 11:00:00,\N,2026-09-06 05:02:00,2026-09-06 11:00:00
584,PAY-20260915-00584,584,PAID,CARD,280000,\N,2026-09-11 11:00:00,\N,2026-09-11 10:02:00,2026-09-11 11:00:00
585,PAY-20260915-00585,585,PAID,CARD,520000,\N,2026-09-06 20:00:00,\N,2026-09-06 08:02:00,2026-09-06 20:00:00
586,PAY-20260915-00586,586,PAID,QR,720000,000201010212LUNARAPAY-20260915-00586720000,2026-09-04 15:30:00,\N,2026-09-04 08:32:00,2026-09-04 15:30:00
587,PAY-20260915-00587,587,PAID,QR,580000,000201010212LUNARAPAY-20260915-00587580000,2026-09-05 13:30:00,\N,2026-09-05 12:32:00,2026-09-05 13:30:00
588,PAY-20260915-00588,588,PAID,CARD,630000,\N,2026-09-06 17:30:00,\N,2026-09-06 12:32:00,2026-09-06 17:30:00
589,PAY-20260915-00589,589,PAID,CARD,630000,\N,2026-08-31 16:30:00,\N,2026-08-31 12:32:00,2026-08-31 16:30:00
590,PAY-20260915-00590,590,PAID,CARD,580000,\N,2026-09-02 18:30:00,\N,2026-09-02 08:32:00,2026-09-02 18:30:00
591,PAY-20260915-00591,591,PAID,CARD,480000,\N,2026-09-06 23:00:00,\N,2026-09-06 15:02:00,2026-09-06 23:00:00
592,PAY-20260915-00592,592,PAID,QR,650000,000201010212LUNARAPAY-20260915-00592650000,2026-09-03 20:30:00,\N,2026-09-03 10:32:00,2026-09-03 20:30:00
593,PAY-20260915-00593,593,PAID,CARD,860000,\N,2026-09-07 15:30:00,\N,2026-09-07 09:32:00,2026-09-07 15:30:00
594,PAY-20260915-00594,594,PAID,QR,280000,000201010212LUNARAPAY-20260915-00594280000,2026-09-03 11:00:00,\N,2026-09-03 10:02:00,2026-09-03 11:00:00
595,PAY-20260915-00595,595,PAID,AT_SPA,590000,\N,2026-09-15 13:27:00,\N,2026-09-10 12:32:00,2026-09-15 13:27:00
596,PAY-20260915-00596,596,PAID,AT_SPA,480000,\N,2026-09-15 13:19:00,\N,2026-08-29 12:32:00,2026-09-15 13:19:00
597,PAY-20260915-00597,597,PAID,CARD,420000,\N,2026-09-12 18:00:00,\N,2026-09-12 10:02:00,2026-09-12 18:00:00
598,PAY-20260915-00598,598,PAID,CARD,580000,\N,2026-09-10 00:30:00,\N,2026-09-09 12:32:00,2026-09-10 00:30:00
599,PAY-20260915-00599,599,PAID,CARD,650000,\N,2026-09-02 00:30:00,\N,2026-09-01 13:32:00,2026-09-02 00:30:00
600,PAY-20260915-00600,600,PAID,AT_SPA,830000,\N,2026-09-15 14:56:00,\N,2026-08-31 12:02:00,2026-09-15 14:56:00
